,product_stripped,variable,value,industry
7,C,A01,18,A
8,C,A01,11,A
10,C,A01,11,A
11,C,A01,4,A
12,C,A01,15,A
13,C,A01,6,A
14,C,A01,1846,A
21,C,A01,100,A
23,C,A01,1656,A
27,C,A01,840,A
29,C,A01,2290,A
30,C,A01,421,A
31,C,A01,941,A
37,C,A01,228,A
38,C,A01,34,A
40,C,A01,25,A
46,C,A01,38,A
49,C,A01,53,A
50,D,A01,285,A
51,D,A01,4,A
52,E,A01,26,A
53,E,A01,57,A
54,E,A01,150,A
56,F,A01,307,A
57,G,A01,286,A
61,H,A01,375,A
65,H,A01,59,A
67,I,A01,4,A
70,J,A01,207,A
71,J,A01,75,A
73,K,A01,1128,A
74,K,A01,197,A
79,M,A01,13,A
80,M,A01,16,A
81,M,A01,56,A
82,M,A01,73,A
84,M,A01,122,A
85,M,A01,180,A
86,M,A01,465,A
87,N,A01,316,A
88,N,A01,413,A
93,O,A01,15,A
112,C,A02,1,A
117,C,A02,1,A
126,C,A02,1,A
128,C,A02,64,A
131,C,A02,1,A
143,C,A02,3,A
145,C,A02,22,A
146,C,A02,153,A
151,C,A02,4,A
154,C,A02,4,A
155,D,A02,9,A
161,F,A02,183,A
162,G,A02,14,A
165,H,A02,2,A
166,H,A02,8,A
170,H,A02,1,A
172,I,A02,2,A
175,J,A02,7,A
176,J,A02,7,A
178,K,A02,23,A
179,K,A02,28,A
184,M,A02,1,A
185,M,A02,17,A
186,M,A02,1,A
189,M,A02,3,A
192,N,A02,28,A
193,N,A02,7,A
198,O,A02,4,A
206,S,A02,4,A
217,C,A03,1,A
222,C,A03,1,A
224,C,A03,377,A
227,C,A03,2,A
231,C,A03,4,A
233,C,A03,63,A
241,C,A03,5,A
247,C,A03,4,A
248,C,A03,2,A
252,C,A03,2,A
256,C,A03,6,A
257,C,A03,28,A
259,C,A03,12,A
260,D,A03,12,A
262,E,A03,3,A
263,E,A03,2,A
264,E,A03,9,A
266,F,A03,1,A
272,H,A03,54,A
274,H,A03,107,A
275,H,A03,6,A
277,I,A03,4,A
280,J,A03,3,A
281,J,A03,4,A
283,K,A03,34,A
284,K,A03,58,A
289,M,A03,14,A
290,M,A03,10,A
291,M,A03,1,A
292,M,A03,5,A
294,M,A03,1,A
296,M,A03,6,A
297,N,A03,59,A
298,N,A03,3,A
313,S,A03,83,A
338,C,B05,10,B
341,C,B05,7,B
346,C,B05,2,B
349,C,B05,4,B
355,C,B05,61,B
364,C,B05,16,B
365,D,B05,2,B
367,E,B05,2,B
371,F,B05,5,B
375,H,B05,13,B
376,H,B05,14,B
386,J,B05,1,B
388,K,B05,21,B
389,K,B05,1,B
390,K,B05,3,B
394,M,B05,1,B
395,M,B05,1,B
396,M,B05,1,B
397,M,B05,5,B
400,M,B05,1,B
402,N,B05,17,B
408,O,B05,2,B
427,C,B06&B07,10,B
428,C,B06&B07,7,B
429,C,B06&B07,1,B
430,C,B06&B07,6,B
432,C,B06&B07,8,B
433,C,B06&B07,2,B
440,C,B06&B07,19,B
441,C,B06&B07,2,B
443,C,B06&B07,201,B
454,C,B06&B07,45,B
457,C,B06&B07,256,B
458,C,B06&B07,132,B
460,C,B06&B07,2116,B
462,C,B06&B07,306,B
466,C,B06&B07,36,B
467,C,B06&B07,186,B
469,C,B06&B07,714,B
470,D,B06&B07,115,B
471,D,B06&B07,16,B
472,E,B06&B07,6,B
473,E,B06&B07,5,B
474,E,B06&B07,10,B
476,F,B06&B07,204,B
480,H,B06&B07,25,B
481,H,B06&B07,30,B
482,H,B06&B07,363,B
483,H,B06&B07,183,B
484,H,B06&B07,6,B
485,H,B06&B07,4,B
487,I,B06&B07,45,B
490,J,B06&B07,38,B
491,J,B06&B07,232,B
492,J,B06&B07,50,B
493,K,B06&B07,1310,B
494,K,B06&B07,33,B
499,M,B06&B07,204,B
500,M,B06&B07,23,B
501,M,B06&B07,50,B
502,M,B06&B07,195,B
504,M,B06&B07,57,B
505,M,B06&B07,8,B
507,N,B06&B07,283,B
508,N,B06&B07,477,B
512,N,B06&B07,6,B
515,Q,B06&B07,11,B
525,A,B08,8,B
532,C,B08,2,B
533,C,B08,4,B
535,C,B08,2,B
537,C,B08,2,B
538,C,B08,3,B
546,C,B08,10,B
548,C,B08,164,B
551,C,B08,58,B
552,C,B08,6,B
553,C,B08,109,B
556,C,B08,37,B
557,C,B08,178,B
558,C,B08,376,B
562,C,B08,10,B
563,C,B08,4,B
565,C,B08,164,B
566,C,B08,25,B
571,C,B08,6,B
574,C,B08,171,B
575,D,B08,138,B
576,D,B08,26,B
577,E,B08,10,B
578,E,B08,4,B
579,E,B08,29,B
581,F,B08,2,B
585,H,B08,18,B
586,H,B08,543,B
587,H,B08,139,B
588,H,B08,4,B
589,H,B08,6,B
590,H,B08,1,B
592,I,B08,2,B
595,J,B08,10,B
596,J,B08,15,B
598,K,B08,377,B
599,K,B08,16,B
600,K,B08,4,B
604,M,B08,26,B
605,M,B08,4,B
606,M,B08,6,B
607,M,B08,7,B
609,M,B08,6,B
610,M,B08,1,B
612,N,B08,107,B
613,N,B08,35,B
637,C,B09,3,B
638,C,B09,3,B
640,C,B09,3,B
642,C,B09,4,B
643,C,B09,1,B
651,C,B09,2,B
653,C,B09,11,B
656,C,B09,41,B
664,C,B09,21,B
667,C,B09,92,B
668,C,B09,7,B
670,C,B09,551,B
676,C,B09,11,B
677,C,B09,52,B
679,C,B09,171,B
680,D,B09,39,B
681,D,B09,3,B
682,E,B09,3,B
683,E,B09,3,B
684,E,B09,13,B
686,F,B09,204,B
687,G,B09,1,B
690,H,B09,3,B
691,H,B09,17,B
695,H,B09,18,B
697,I,B09,2,B
700,J,B09,15,B
701,J,B09,70,B
703,K,B09,260,B
704,K,B09,17,B
705,K,B09,5,B
709,M,B09,135,B
710,M,B09,18,B
711,M,B09,109,B
712,M,B09,180,B
714,M,B09,4,B
717,N,B09,271,B
718,N,B09,40,B
722,N,B09,158,B
735,A,C101,6138,C
785,D,C101,182,C
786,D,C101,60,C
787,E,C101,41,C
788,E,C101,35,C
789,E,C101,96,C
791,F,C101,52,C
795,H,C101,2,C
796,H,C101,416,C
797,H,C101,2,C
799,H,C101,52,C
800,H,C101,27,C
802,I,C101,91,C
803,J,C101,9,C
805,J,C101,9,C
806,J,C101,25,C
808,K,C101,137,C
809,K,C101,29,C
810,K,C101,7,C
811,L,C101,4,C
814,M,C101,55,C
815,M,C101,24,C
816,M,C101,33,C
817,M,C101,64,C
819,M,C101,34,C
820,M,C101,55,C
822,N,C101,71,C
823,N,C101,391,C
828,O,C101,8,C
836,S,C101,2,C
840,A,C102_3,1514,C
842,A,C102_3,1355,C
890,D,C102_3,114,C
891,D,C102_3,51,C
892,E,C102_3,35,C
893,E,C102_3,17,C
894,E,C102_3,39,C
896,F,C102_3,4,C
901,H,C102_3,360,C
904,H,C102_3,7,C
905,H,C102_3,61,C
907,I,C102_3,61,C
908,J,C102_3,3,C
910,J,C102_3,9,C
911,J,C102_3,29,C
912,J,C102_3,1,C
913,K,C102_3,243,C
914,K,C102_3,19,C
916,L,C102_3,2,C
919,M,C102_3,59,C
920,M,C102_3,17,C
921,M,C102_3,9,C
922,M,C102_3,13,C
924,M,C102_3,73,C
925,M,C102_3,147,C
927,N,C102_3,49,C
928,N,C102_3,225,C
933,O,C102_3,10,C
945,A,C104,16,C
995,D,C104,7,C
996,D,C104,19,C
997,E,C104,1,C
998,E,C104,3,C
999,E,C104,3,C
1005,H,C104,1,C
1006,H,C104,26,C
1009,H,C104,1,C
1010,H,C104,4,C
1012,I,C104,2,C
1013,J,C104,1,C
1015,J,C104,2,C
1016,J,C104,2,C
1018,K,C104,19,C
1019,K,C104,4,C
1024,M,C104,1,C
1025,M,C104,2,C
1027,M,C104,15,C
1029,M,C104,6,C
1030,M,C104,9,C
1032,N,C104,2,C
1033,N,C104,6,C
1038,O,C104,1,C
1039,P,C104,1,C
1050,A,C105,3872,C
1100,D,C105,95,C
1101,D,C105,34,C
1102,E,C105,19,C
1103,E,C105,12,C
1104,E,C105,29,C
1110,H,C105,1,C
1111,H,C105,213,C
1112,H,C105,1,C
1114,H,C105,3,C
1115,H,C105,12,C
1117,I,C105,666,C
1118,J,C105,5,C
1120,J,C105,6,C
1121,J,C105,8,C
1123,K,C105,141,C
1124,K,C105,15,C
1125,K,C105,5,C
1126,L,C105,1,C
1129,M,C105,29,C
1130,M,C105,28,C
1132,M,C105,11,C
1134,M,C105,64,C
1135,M,C105,15,C
1137,N,C105,34,C
1138,N,C105,62,C
1142,N,C105,2,C
1143,O,C105,1,C
1144,P,C105,2,C
1145,Q,C105,1,C
1155,A,C106,1424,C
1205,D,C106,71,C
1206,D,C106,22,C
1207,E,C106,26,C
1208,E,C106,3,C
1209,E,C106,7,C
1215,H,C106,2,C
1216,H,C106,115,C
1217,H,C106,6,C
1219,H,C106,10,C
1220,H,C106,19,C
1222,I,C106,18,C
1225,J,C106,6,C
1226,J,C106,14,C
1228,K,C106,131,C
1229,K,C106,7,C
1230,K,C106,4,C
1234,M,C106,57,C
1235,M,C106,53,C
1236,M,C106,9,C
1237,M,C106,23,C
1239,M,C106,76,C
1240,M,C106,18,C
1242,N,C106,13,C
1243,N,C106,24,C
1247,N,C106,2,C
1248,O,C106,11,C
1260,A,C107,2,C
1310,D,C107,159,C
1311,D,C107,69,C
1312,E,C107,20,C
1313,E,C107,8,C
1314,E,C107,28,C
1321,H,C107,339,C
1324,H,C107,10,C
1325,H,C107,62,C
1327,I,C107,66,C
1330,J,C107,18,C
1331,J,C107,40,C
1332,J,C107,3,C
1333,K,C107,308,C
1334,K,C107,25,C
1335,K,C107,5,C
1339,M,C107,116,C
1340,M,C107,90,C
1341,M,C107,20,C
1342,M,C107,15,C
1344,M,C107,151,C
1345,M,C107,121,C
1347,N,C107,72,C
1348,N,C107,237,C
1353,O,C107,10,C
1365,A,C108,275,C
1368,B,C108,1,C
1415,D,C108,188,C
1416,D,C108,158,C
1417,E,C108,47,C
1418,E,C108,40,C
1419,E,C108,78,C
1425,H,C108,2,C
1426,H,C108,588,C
1427,H,C108,2,C
1428,H,C108,3,C
1429,H,C108,18,C
1430,H,C108,121,C
1432,I,C108,152,C
1433,J,C108,4,C
1435,J,C108,18,C
1436,J,C108,60,C
1437,J,C108,12,C
1438,K,C108,865,C
1439,K,C108,42,C
1440,K,C108,4,C
1443,L,C108,1,C
1444,M,C108,80,C
1445,M,C108,81,C
1446,M,C108,12,C
1447,M,C108,107,C
1449,M,C108,292,C
1450,M,C108,268,C
1452,N,C108,68,C
1453,N,C108,348,C
1457,N,C108,2,C
1458,O,C108,17,C
1466,S,C108,2,C
1468,S,C108,1,C
1470,A,C109,1025,C
1520,D,C109,68,C
1521,D,C109,14,C
1522,E,C109,6,C
1523,E,C109,2,C
1524,E,C109,23,C
1531,H,C109,171,C
1535,H,C109,34,C
1537,I,C109,2,C
1538,J,C109,8,C
1540,J,C109,7,C
1541,J,C109,27,C
1543,K,C109,100,C
1544,K,C109,9,C
1549,M,C109,28,C
1550,M,C109,24,C
1551,M,C109,4,C
1552,M,C109,1,C
1554,M,C109,84,C
1555,M,C109,380,C
1557,N,C109,17,C
1558,N,C109,34,C
1562,N,C109,1,C
1563,O,C109,6,C
1575,A,C11.01-6&C12,769,C
1625,D,C11.01-6&C12,108,C
1626,D,C11.01-6&C12,115,C
1627,E,C11.01-6&C12,58,C
1628,E,C11.01-6&C12,15,C
1629,E,C11.01-6&C12,98,C
1635,H,C11.01-6&C12,15,C
1636,H,C11.01-6&C12,578,C
1637,H,C11.01-6&C12,10,C
1638,H,C11.01-6&C12,7,C
1639,H,C11.01-6&C12,20,C
1640,H,C11.01-6&C12,138,C
1642,I,C11.01-6&C12,17,C
1643,J,C11.01-6&C12,10,C
1645,J,C11.01-6&C12,18,C
1646,J,C11.01-6&C12,85,C
1647,J,C11.01-6&C12,8,C
1648,K,C11.01-6&C12,512,C
1649,K,C11.01-6&C12,23,C
1650,K,C11.01-6&C12,20,C
1654,M,C11.01-6&C12,62,C
1655,M,C11.01-6&C12,207,C
1656,M,C11.01-6&C12,34,C
1657,M,C11.01-6&C12,6,C
1659,M,C11.01-6&C12,559,C
1660,M,C11.01-6&C12,48,C
1662,N,C11.01-6&C12,46,C
1663,N,C11.01-6&C12,77,C
1667,N,C11.01-6&C12,2,C
1668,O,C11.01-6&C12,45,C
1669,P,C11.01-6&C12,10,C
1670,Q,C11.01-6&C12,10,C
1675,R,C11.01-6&C12,21,C
1730,D,C1107,37,C
1731,D,C1107,6,C
1732,E,C1107,27,C
1733,E,C1107,4,C
1734,E,C1107,16,C
1741,H,C1107,192,C
1744,H,C1107,7,C
1745,H,C1107,15,C
1747,I,C1107,3,C
1750,J,C1107,7,C
1751,J,C1107,41,C
1753,K,C1107,44,C
1754,K,C1107,6,C
1759,M,C1107,42,C
1760,M,C1107,6,C
1761,M,C1107,76,C
1762,M,C1107,3,C
1764,M,C1107,137,C
1765,M,C1107,10,C
1767,N,C1107,23,C
1768,N,C1107,44,C
1773,O,C1107,6,C
1785,A,C13,29,C
1835,D,C13,73,C
1836,D,C13,40,C
1837,E,C13,11,C
1838,E,C13,7,C
1839,E,C13,14,C
1845,H,C13,4,C
1846,H,C13,88,C
1848,H,C13,8,C
1849,H,C13,21,C
1850,H,C13,62,C
1852,I,C13,7,C
1853,J,C13,2,C
1855,J,C13,12,C
1856,J,C13,20,C
1857,J,C13,9,C
1858,K,C13,144,C
1859,K,C13,20,C
1860,K,C13,2,C
1861,L,C13,15,C
1864,M,C13,39,C
1865,M,C13,90,C
1866,M,C13,23,C
1867,M,C13,36,C
1869,M,C13,68,C
1870,M,C13,10,C
1872,N,C13,15,C
1873,N,C13,30,C
1878,O,C13,13,C
1879,P,C13,11,C
1890,A,C14,1,C
1940,D,C14,12,C
1941,D,C14,6,C
1942,E,C14,2,C
1943,E,C14,1,C
1944,E,C14,2,C
1946,F,C14,2,C
1951,H,C14,29,C
1954,H,C14,66,C
1955,H,C14,47,C
1957,I,C14,9,C
1958,J,C14,25,C
1960,J,C14,9,C
1961,J,C14,11,C
1962,J,C14,1,C
1963,K,C14,205,C
1964,K,C14,14,C
1965,K,C14,2,C
1969,M,C14,15,C
1970,M,C14,62,C
1971,M,C14,17,C
1972,M,C14,2,C
1974,M,C14,45,C
1975,M,C14,2,C
1977,N,C14,7,C
1978,N,C14,16,C
1982,N,C14,2,C
1983,O,C14,3,C
1984,P,C14,5,C
1995,A,C15,13,C
2045,D,C15,10,C
2046,D,C15,5,C
2047,E,C15,2,C
2048,E,C15,3,C
2049,E,C15,10,C
2056,H,C15,14,C
2059,H,C15,2,C
2060,H,C15,34,C
2062,I,C15,2,C
2063,J,C15,1,C
2065,J,C15,2,C
2066,J,C15,7,C
2068,K,C15,26,C
2069,K,C15,3,C
2071,L,C15,7,C
2074,M,C15,9,C
2075,M,C15,6,C
2076,M,C15,9,C
2079,M,C15,44,C
2080,M,C15,16,C
2082,N,C15,4,C
2083,N,C15,8,C
2088,O,C15,7,C
2101,A,C16,937,C
2150,D,C16,134,C
2151,D,C16,34,C
2152,E,C16,11,C
2153,E,C16,6,C
2154,E,C16,21,C
2156,F,C16,4,C
2161,H,C16,242,C
2164,H,C16,1,C
2165,H,C16,86,C
2167,I,C16,25,C
2168,J,C16,1,C
2170,J,C16,18,C
2171,J,C16,29,C
2173,K,C16,201,C
2174,K,C16,28,C
2176,L,C16,37,C
2179,M,C16,8,C
2180,M,C16,24,C
2181,M,C16,1,C
2182,M,C16,3,C
2184,M,C16,24,C
2185,M,C16,1,C
2187,N,C16,51,C
2188,N,C16,51,C
2192,N,C16,1,C
2193,O,C16,4,C
2206,A,C17,364,C
2255,D,C17,259,C
2256,D,C17,146,C
2257,E,C17,31,C
2258,E,C17,19,C
2259,E,C17,92,C
2265,H,C17,1,C
2266,H,C17,535,C
2267,H,C17,1,C
2268,H,C17,2,C
2269,H,C17,20,C
2270,H,C17,43,C
2272,I,C17,11,C
2273,J,C17,14,C
2275,J,C17,27,C
2276,J,C17,70,C
2277,J,C17,2,C
2278,K,C17,265,C
2279,K,C17,33,C
2280,K,C17,3,C
2281,L,C17,261,C
2284,M,C17,43,C
2285,M,C17,53,C
2286,M,C17,95,C
2287,M,C17,7,C
2289,M,C17,41,C
2290,M,C17,16,C
2292,N,C17,61,C
2293,N,C17,47,C
2298,O,C17,16,C
2360,D,C18,180,C
2361,D,C18,22,C
2362,E,C18,10,C
2363,E,C18,5,C
2364,E,C18,20,C
2366,F,C18,2,C
2370,H,C18,6,C
2371,H,C18,207,C
2372,H,C18,1,C
2374,H,C18,11,C
2375,H,C18,47,C
2377,I,C18,1,C
2378,J,C18,20,C
2380,J,C18,40,C
2381,J,C18,54,C
2382,J,C18,21,C
2383,K,C18,128,C
2384,K,C18,31,C
2385,K,C18,7,C
2386,L,C18,52,C
2389,M,C18,8,C
2390,M,C18,27,C
2391,M,C18,20,C
2394,M,C18,36,C
2395,M,C18,33,C
2397,N,C18,58,C
2398,N,C18,103,C
2402,N,C18,2,C
2403,O,C18,6,C
2418,B,C19,6,C
2419,B,C19,23721,C
2465,D,C19,242,C
2466,D,C19,19,C
2467,E,C19,27,C
2468,E,C19,6,C
2469,E,C19,54,C
2471,F,C19,342,C
2476,H,C19,125,C
2477,H,C19,184,C
2478,H,C19,3,C
2480,H,C19,3,C
2482,I,C19,9,C
2485,J,C19,11,C
2486,J,C19,9,C
2488,K,C19,527,C
2489,K,C19,15,C
2490,K,C19,43,C
2494,M,C19,9,C
2495,M,C19,7,C
2497,M,C19,132,C
2499,M,C19,12,C
2500,M,C19,3,C
2502,N,C19,15,C
2503,N,C19,53,C
2507,N,C19,28,C
2508,O,C19,24,C
2525,B,C203,20,C
2570,D,C203,26,C
2571,D,C203,6,C
2572,E,C203,5,C
2573,E,C203,5,C
2574,E,C203,17,C
2576,F,C203,5,C
2581,H,C203,112,C
2584,H,C203,20,C
2585,H,C203,33,C
2587,I,C203,26,C
2588,J,C203,10,C
2590,J,C203,6,C
2591,J,C203,29,C
2593,K,C203,92,C
2594,K,C203,14,C
2595,K,C203,3,C
2596,L,C203,4,C
2599,M,C203,48,C
2600,M,C203,17,C
2601,M,C203,23,C
2602,M,C203,8,C
2604,M,C203,50,C
2605,M,C203,5,C
2607,N,C203,25,C
2608,N,C203,38,C
2612,N,C203,2,C
2613,O,C203,15,C
2614,P,C203,9,C
2621,S,C203,1,C
2675,D,C204,44,C
2676,D,C204,22,C
2677,E,C204,12,C
2678,E,C204,8,C
2679,E,C204,14,C
2685,H,C204,2,C
2686,H,C204,80,C
2687,H,C204,3,C
2689,H,C204,17,C
2690,H,C204,37,C
2692,I,C204,2,C
2693,J,C204,7,C
2695,J,C204,10,C
2696,J,C204,19,C
2697,J,C204,3,C
2698,K,C204,105,C
2699,K,C204,21,C
2700,K,C204,16,C
2701,L,C204,5,C
2704,M,C204,28,C
2705,M,C204,63,C
2706,M,C204,18,C
2707,M,C204,11,C
2709,M,C204,181,C
2710,M,C204,29,C
2712,N,C204,19,C
2713,N,C204,38,C
2717,N,C204,3,C
2718,O,C204,19,C
2719,P,C204,7,C
2726,S,C204,2,C
2730,A,C205,6,C
2734,B,C205,2,C
2780,D,C205,43,C
2781,D,C205,12,C
2782,E,C205,8,C
2783,E,C205,6,C
2784,E,C205,13,C
2791,H,C205,95,C
2794,H,C205,31,C
2795,H,C205,39,C
2797,I,C205,13,C
2798,J,C205,16,C
2800,J,C205,13,C
2801,J,C205,36,C
2803,K,C205,294,C
2804,K,C205,3,C
2805,K,C205,26,C
2809,M,C205,84,C
2810,M,C205,50,C
2811,M,C205,1,C
2812,M,C205,85,C
2814,M,C205,22,C
2815,M,C205,8,C
2817,N,C205,25,C
2818,N,C205,15,C
2822,N,C205,1,C
2823,O,C205,24,C
2830,R,C205,1,C
2831,S,C205,2,C
2835,A,C20A,22,C
2839,B,C20A,8,C
2840,B,C20A,37,C
2885,D,C20A,274,C
2886,D,C20A,185,C
2887,E,C20A,23,C
2888,E,C20A,6,C
2889,E,C20A,18,C
2891,F,C20A,40,C
2896,H,C20A,161,C
2900,H,C20A,21,C
2902,I,C20A,16,C
2905,J,C20A,5,C
2906,J,C20A,17,C
2908,K,C20A,138,C
2909,K,C20A,9,C
2910,K,C20A,15,C
2914,M,C20A,31,C
2915,M,C20A,7,C
2916,M,C20A,12,C
2917,M,C20A,29,C
2919,M,C20A,15,C
2920,M,C20A,1,C
2922,N,C20A,31,C
2923,N,C20A,29,C
2928,O,C20A,6,C
2944,B,C20B,493,C
2990,D,C20B,252,C
2991,D,C20B,217,C
2992,E,C20B,25,C
2993,E,C20B,15,C
2994,E,C20B,50,C
2996,F,C20B,120,C
3000,H,C20B,5,C
3001,H,C20B,119,C
3002,H,C20B,3,C
3003,H,C20B,1,C
3004,H,C20B,37,C
3005,H,C20B,104,C
3007,I,C20B,39,C
3008,J,C20B,10,C
3010,J,C20B,8,C
3011,J,C20B,33,C
3013,K,C20B,422,C
3014,K,C20B,50,C
3015,K,C20B,43,C
3016,L,C20B,22,C
3019,M,C20B,84,C
3020,M,C20B,49,C
3021,M,C20B,35,C
3022,M,C20B,178,C
3024,M,C20B,9,C
3025,M,C20B,29,C
3027,N,C20B,29,C
3028,N,C20B,91,C
3032,N,C20B,82,C
3033,O,C20B,4,C
3034,P,C20B,22,C
3040,R,C20B,3,C
3041,S,C20B,2,C
3048,B,C20C,1,C
3049,B,C20C,104,C
3050,B,C20C,1,C
3095,D,C20C,30,C
3096,D,C20C,43,C
3097,E,C20C,11,C
3098,E,C20C,18,C
3099,E,C20C,27,C
3101,F,C20C,11,C
3106,H,C20C,27,C
3110,H,C20C,33,C
3112,I,C20C,9,C
3115,J,C20C,3,C
3116,J,C20C,6,C
3118,K,C20C,78,C
3119,K,C20C,20,C
3124,M,C20C,92,C
3125,M,C20C,19,C
3126,M,C20C,12,C
3127,M,C20C,23,C
3129,M,C20C,6,C
3130,M,C20C,12,C
3132,N,C20C,8,C
3133,N,C20C,25,C
3138,O,C20C,7,C
3150,A,C21,185,C
3200,D,C21,110,C
3201,D,C21,77,C
3202,E,C21,16,C
3203,E,C21,13,C
3204,E,C21,37,C
3210,H,C21,2,C
3211,H,C21,102,C
3212,H,C21,3,C
3213,H,C21,9,C
3214,H,C21,650,C
3215,H,C21,98,C
3217,I,C21,83,C
3218,J,C21,25,C
3220,J,C21,51,C
3221,J,C21,284,C
3222,J,C21,22,C
3223,K,C21,1026,C
3224,K,C21,4,C
3225,K,C21,6,C
3226,L,C21,35,C
3229,M,C21,213,C
3230,M,C21,170,C
3231,M,C21,127,C
3232,M,C21,284,C
3234,M,C21,154,C
3235,M,C21,34,C
3237,N,C21,33,C
3238,N,C21,189,C
3242,N,C21,235,C
3243,O,C21,129,C
3244,P,C21,250,C
3245,Q,C21,150,C
3251,S,C21,10,C
3253,S,C21,1,C
3305,D,C22,476,C
3306,D,C22,138,C
3307,E,C22,23,C
3308,E,C22,10,C
3309,E,C22,59,C
3311,F,C22,169,C
3315,H,C22,3,C
3316,H,C22,487,C
3317,H,C22,7,C
3318,H,C22,2,C
3319,H,C22,79,C
3320,H,C22,107,C
3322,I,C22,34,C
3325,J,C22,45,C
3326,J,C22,95,C
3328,K,C22,607,C
3329,K,C22,102,C
3330,K,C22,15,C
3331,L,C22,204,C
3334,M,C22,61,C
3335,M,C22,107,C
3336,M,C22,123,C
3337,M,C22,25,C
3339,M,C22,108,C
3340,M,C22,26,C
3342,N,C22,96,C
3343,N,C22,232,C
3347,N,C22,269,C
3348,O,C22,27,C
3349,P,C22,38,C
3350,Q,C22,27,C
3351,Q,C22,2,C
3356,S,C22,7,C
3363,B,C235_6,62,C
3365,B,C235_6,387,C
3410,D,C235_6,184,C
3411,D,C235_6,50,C
3412,E,C235_6,17,C
3413,E,C235_6,8,C
3414,E,C235_6,25,C
3416,F,C235_6,123,C
3420,H,C235_6,9,C
3421,H,C235_6,893,C
3422,H,C235_6,3,C
3424,H,C235_6,2,C
3425,H,C235_6,40,C
3427,I,C235_6,32,C
3430,J,C235_6,14,C
3431,J,C235_6,22,C
3432,J,C235_6,1,C
3433,K,C235_6,279,C
3434,K,C235_6,26,C
3435,K,C235_6,43,C
3439,M,C235_6,108,C
3440,M,C235_6,14,C
3441,M,C235_6,2,C
3442,M,C235_6,238,C
3444,M,C235_6,17,C
3445,M,C235_6,9,C
3447,N,C235_6,116,C
3448,N,C235_6,57,C
3452,N,C235_6,2,C
3453,O,C235_6,2,C
3463,S,C235_6,2,C
3468,B,C23OTHER,3,C
3469,B,C23OTHER,2,C
3470,B,C23OTHER,839,C
3515,D,C23OTHER,169,C
3516,D,C23OTHER,81,C
3517,E,C23OTHER,16,C
3518,E,C23OTHER,6,C
3519,E,C23OTHER,17,C
3521,F,C23OTHER,2,C
3525,H,C23OTHER,5,C
3526,H,C23OTHER,186,C
3527,H,C23OTHER,13,C
3529,H,C23OTHER,17,C
3530,H,C23OTHER,96,C
3532,I,C23OTHER,7,C
3535,J,C23OTHER,15,C
3536,J,C23OTHER,40,C
3538,K,C23OTHER,370,C
3539,K,C23OTHER,39,C
3540,K,C23OTHER,14,C
3544,M,C23OTHER,35,C
3545,M,C23OTHER,31,C
3546,M,C23OTHER,2,C
3547,M,C23OTHER,73,C
3549,M,C23OTHER,32,C
3550,M,C23OTHER,25,C
3552,N,C23OTHER,66,C
3553,N,C23OTHER,28,C
3557,N,C23OTHER,38,C
3558,O,C23OTHER,9,C
3559,P,C23OTHER,7,C
3560,Q,C23OTHER,6,C
3568,S,C23OTHER,2,C
3573,B,C241_3,248,C
3574,B,C241_3,151,C
3620,D,C241_3,132,C
3621,D,C241_3,142,C
3622,E,C241_3,22,C
3623,E,C241_3,2,C
3624,E,C241_3,245,C
3630,H,C241_3,41,C
3631,H,C241_3,219,C
3632,H,C241_3,28,C
3633,H,C241_3,92,C
3635,H,C241_3,43,C
3637,I,C241_3,15,C
3638,J,C241_3,22,C
3640,J,C241_3,6,C
3641,J,C241_3,54,C
3643,K,C241_3,148,C
3644,K,C241_3,60,C
3645,K,C241_3,23,C
3646,L,C241_3,9,C
3649,M,C241_3,75,C
3650,M,C241_3,18,C
3651,M,C241_3,12,C
3652,M,C241_3,44,C
3654,M,C241_3,5,C
3655,M,C241_3,8,C
3657,N,C241_3,178,C
3658,N,C241_3,27,C
3662,N,C241_3,1,C
3663,O,C241_3,15,C
3679,B,C244_5,297,C
3680,B,C244_5,27,C
3725,D,C244_5,133,C
3726,D,C244_5,79,C
3727,E,C244_5,5,C
3728,E,C244_5,5,C
3729,E,C244_5,40,C
3736,H,C244_5,76,C
3737,H,C244_5,2,C
3739,H,C244_5,11,C
3740,H,C244_5,50,C
3741,I,C244_5,2,C
3742,I,C244_5,5,C
3743,J,C244_5,27,C
3745,J,C244_5,6,C
3746,J,C244_5,22,C
3748,K,C244_5,188,C
3749,K,C244_5,15,C
3750,K,C244_5,3,C
3751,L,C244_5,11,C
3754,M,C244_5,11,C
3755,M,C244_5,10,C
3756,M,C244_5,5,C
3757,M,C244_5,86,C
3759,M,C244_5,5,C
3760,M,C244_5,12,C
3762,N,C244_5,25,C
3763,N,C244_5,32,C
3767,N,C244_5,6,C
3768,O,C244_5,22,C
3769,P,C244_5,11,C
3770,Q,C244_5,3,C
3776,S,C244_5,3,C
3778,S,C244_5,2,C
3830,D,C254,27,C
3831,D,C254,9,C
3832,E,C254,1,C
3833,E,C254,3,C
3834,E,C254,8,C
3840,H,C254,2,C
3841,H,C254,3,C
3842,H,C254,3,C
3843,H,C254,2,C
3844,H,C254,6,C
3845,H,C254,10,C
3847,I,C254,22,C
3848,J,C254,13,C
3850,J,C254,16,C
3851,J,C254,45,C
3853,K,C254,21,C
3854,K,C254,2,C
3855,K,C254,3,C
3856,L,C254,2,C
3859,M,C254,38,C
3860,M,C254,2,C
3861,M,C254,18,C
3864,M,C254,13,C
3865,M,C254,7,C
3867,N,C254,3,C
3868,N,C254,235,C
3873,O,C254,4,C
3874,P,C254,5,C
3875,Q,C254,5,C
3881,S,C254,1,C
3885,A,C25OTHER,2,C
3890,B,C25OTHER,350,C
3935,D,C25OTHER,421,C
3936,D,C25OTHER,152,C
3937,E,C25OTHER,46,C
3938,E,C25OTHER,18,C
3939,E,C25OTHER,36,C
3941,F,C25OTHER,343,C
3945,H,C25OTHER,15,C
3946,H,C25OTHER,352,C
3947,H,C25OTHER,22,C
3948,H,C25OTHER,4,C
3949,H,C25OTHER,56,C
3950,H,C25OTHER,100,C
3952,I,C25OTHER,10,C
3955,J,C25OTHER,91,C
3956,J,C25OTHER,131,C
3958,K,C25OTHER,909,C
3959,K,C25OTHER,147,C
3960,K,C25OTHER,19,C
3961,L,C25OTHER,263,C
3964,M,C25OTHER,72,C
3965,M,C25OTHER,158,C
3966,M,C25OTHER,23,C
3967,M,C25OTHER,326,C
3969,M,C25OTHER,82,C
3970,M,C25OTHER,32,C
3972,N,C25OTHER,202,C
3973,N,C25OTHER,102,C
3978,O,C25OTHER,75,C
3979,P,C25OTHER,26,C
3980,Q,C25OTHER,18,C
3986,S,C25OTHER,8,C
3988,S,C25OTHER,4,C
4040,D,C26,114,C
4041,D,C26,16,C
4042,E,C26,12,C
4043,E,C26,5,C
4044,E,C26,9,C
4050,H,C26,33,C
4051,H,C26,94,C
4052,H,C26,26,C
4053,H,C26,25,C
4054,H,C26,145,C
4055,H,C26,113,C
4057,I,C26,101,C
4060,J,C26,51,C
4061,J,C26,154,C
4062,J,C26,1,C
4063,K,C26,155,C
4064,K,C26,33,C
4065,K,C26,15,C
4069,M,C26,266,C
4070,M,C26,41,C
4071,M,C26,72,C
4072,M,C26,49,C
4074,M,C26,81,C
4075,M,C26,120,C
4077,N,C26,63,C
4078,N,C26,137,C
4082,N,C26,28,C
4083,O,C26,12,C
4084,P,C26,126,C
4085,Q,C26,82,C
4091,S,C26,14,C
4093,S,C26,16,C
4145,D,C27,84,C
4146,D,C27,31,C
4147,E,C27,8,C
4148,E,C27,5,C
4149,E,C27,10,C
4155,H,C27,8,C
4156,H,C27,144,C
4157,H,C27,5,C
4158,H,C27,5,C
4159,H,C27,50,C
4160,H,C27,109,C
4162,I,C27,14,C
4163,J,C27,57,C
4165,J,C27,26,C
4166,J,C27,59,C
4167,J,C27,2,C
4168,K,C27,355,C
4169,K,C27,55,C
4170,K,C27,19,C
4171,L,C27,46,C
4174,M,C27,134,C
4175,M,C27,53,C
4176,M,C27,6,C
4177,M,C27,83,C
4179,M,C27,71,C
4180,M,C27,88,C
4182,N,C27,59,C
4183,N,C27,103,C
4187,N,C27,99,C
4188,O,C27,16,C
4189,P,C27,11,C
4190,Q,C27,9,C
4196,S,C27,2,C
4250,D,C28,214,C
4251,D,C28,58,C
4252,E,C28,19,C
4253,E,C28,12,C
4254,E,C28,35,C
4256,F,C28,90,C
4261,H,C28,431,C
4264,H,C28,560,C
4265,H,C28,80,C
4267,I,C28,31,C
4270,J,C28,70,C
4271,J,C28,179,C
4272,J,C28,7,C
4273,K,C28,513,C
4274,K,C28,185,C
4275,K,C28,20,C
4279,M,C28,159,C
4280,M,C28,128,C
4281,M,C28,100,C
4282,M,C28,243,C
4284,M,C28,103,C
4285,M,C28,11,C
4287,N,C28,130,C
4288,N,C28,371,C
4292,N,C28,607,C
4293,O,C28,49,C
4355,D,C29,324,C
4356,D,C29,81,C
4357,E,C29,22,C
4358,E,C29,16,C
4359,E,C29,46,C
4361,F,C29,218,C
4365,H,C29,41,C
4366,H,C29,573,C
4367,H,C29,52,C
4368,H,C29,3,C
4369,H,C29,1358,C
4370,H,C29,35,C
4372,I,C29,33,C
4375,J,C29,61,C
4376,J,C29,484,C
4377,J,C29,55,C
4378,K,C29,1705,C
4379,K,C29,103,C
4380,K,C29,63,C
4384,M,C29,52,C
4385,M,C29,93,C
4386,M,C29,309,C
4387,M,C29,55,C
4389,M,C29,483,C
4390,M,C29,30,C
4392,N,C29,91,C
4393,N,C29,770,C
4394,N,C29,27,C
4397,N,C29,175,C
4398,O,C29,64,C
4460,D,C301,29,C
4461,D,C301,3,C
4462,E,C301,2,C
4463,E,C301,7,C
4464,E,C301,14,C
4466,F,C301,227,C
4471,H,C301,2,C
4475,H,C301,5,C
4477,I,C301,2,C
4480,J,C301,3,C
4481,J,C301,53,C
4482,J,C301,1,C
4483,K,C301,88,C
4484,K,C301,17,C
4485,K,C301,5,C
4489,M,C301,16,C
4490,M,C301,9,C
4492,M,C301,27,C
4494,M,C301,12,C
4495,M,C301,5,C
4497,N,C301,22,C
4498,N,C301,227,C
4503,O,C301,5,C
4565,D,C303,178,C
4566,D,C303,56,C
4567,E,C303,14,C
4568,E,C303,8,C
4569,E,C303,23,C
4571,F,C303,8,C
4575,H,C303,1,C
4576,H,C303,183,C
4577,H,C303,3,C
4578,H,C303,40,C
4579,H,C303,78,C
4580,H,C303,21,C
4582,I,C303,9,C
4583,J,C303,108,C
4585,J,C303,49,C
4586,J,C303,634,C
4587,J,C303,13,C
4588,K,C303,1134,C
4589,K,C303,36,C
4590,K,C303,22,C
4594,M,C303,14,C
4595,M,C303,37,C
4596,M,C303,94,C
4597,M,C303,945,C
4599,M,C303,19,C
4600,M,C303,15,C
4602,N,C303,45,C
4603,N,C303,161,C
4604,N,C303,15,C
4608,O,C303,36,C
4609,P,C303,37,C
4670,D,C30OTHER,11,C
4671,D,C30OTHER,3,C
4672,E,C30OTHER,1,C
4673,E,C30OTHER,1,C
4674,E,C30OTHER,6,C
4676,F,C30OTHER,13,C
4680,H,C30OTHER,6,C
4681,H,C30OTHER,13,C
4682,H,C30OTHER,3,C
4683,H,C30OTHER,10,C
4684,H,C30OTHER,3,C
4685,H,C30OTHER,7,C
4687,I,C30OTHER,2,C
4690,J,C30OTHER,5,C
4691,J,C30OTHER,22,C
4693,K,C30OTHER,206,C
4694,K,C30OTHER,10,C
4695,K,C30OTHER,11,C
4696,L,C30OTHER,12,C
4699,M,C30OTHER,9,C
4700,M,C30OTHER,4,C
4701,M,C30OTHER,23,C
4702,M,C30OTHER,46,C
4704,M,C30OTHER,20,C
4705,M,C30OTHER,39,C
4707,N,C30OTHER,6,C
4708,N,C30OTHER,61,C
4712,N,C30OTHER,8,C
4713,O,C30OTHER,8,C
4714,P,C30OTHER,1,C
4725,A,C31,5,C
4775,D,C31,58,C
4776,D,C31,19,C
4777,E,C31,7,C
4778,E,C31,5,C
4779,E,C31,12,C
4781,F,C31,4,C
4785,H,C31,3,C
4786,H,C31,139,C
4787,H,C31,2,C
4788,H,C31,19,C
4790,H,C31,162,C
4792,I,C31,3,C
4795,J,C31,19,C
4796,J,C31,45,C
4798,K,C31,199,C
4799,K,C31,29,C
4800,K,C31,1,C
4801,L,C31,63,C
4804,M,C31,17,C
4805,M,C31,25,C
4806,M,C31,8,C
4807,M,C31,5,C
4809,M,C31,76,C
4810,M,C31,75,C
4812,N,C31,42,C
4813,N,C31,84,C
4817,N,C31,7,C
4818,O,C31,20,C
4835,B,C32,51,C
4880,D,C32,79,C
4881,D,C32,16,C
4882,E,C32,15,C
4883,E,C32,6,C
4884,E,C32,28,C
4886,F,C32,11,C
4890,H,C32,3,C
4891,H,C32,173,C
4892,H,C32,2,C
4893,H,C32,7,C
4894,H,C32,12,C
4895,H,C32,102,C
4897,I,C32,12,C
4898,J,C32,15,C
4900,J,C32,37,C
4901,J,C32,62,C
4902,J,C32,4,C
4903,K,C32,308,C
4904,K,C32,17,C
4905,K,C32,9,C
4906,L,C32,1,C
4908,L,C32,1,C
4909,M,C32,52,C
4910,M,C32,59,C
4911,M,C32,92,C
4912,M,C32,16,C
4914,M,C32,130,C
4915,M,C32,168,C
4917,N,C32,41,C
4918,N,C32,125,C
4922,N,C32,1,C
4923,O,C32,22,C
4924,P,C32,2,C
4985,D,C3315,2,C
4987,E,C3315,1,C
4989,E,C3315,1,C
4996,H,C3315,2,C
5000,H,C3315,1,C
5005,J,C3315,4,C
5006,J,C3315,2,C
5008,K,C3315,23,C
5009,K,C3315,8,C
5014,M,C3315,26,C
5015,M,C3315,19,C
5019,M,C3315,2,C
5022,N,C3315,6,C
5023,N,C3315,11,C
5090,D,C3316,14,C
5091,D,C3316,4,C
5092,E,C3316,4,C
5093,E,C3316,1,C
5094,E,C3316,1,C
5101,H,C3316,25,C
5102,H,C3316,1,C
5103,H,C3316,1,C
5104,H,C3316,7,C
5105,H,C3316,2,C
5107,I,C3316,1,C
5108,J,C3316,9,C
5110,J,C3316,4,C
5111,J,C3316,13,C
5113,K,C3316,86,C
5114,K,C3316,8,C
5115,K,C3316,2,C
5119,M,C3316,3,C
5120,M,C3316,5,C
5121,M,C3316,2,C
5122,M,C3316,5,C
5124,M,C3316,1,C
5125,M,C3316,1,C
5127,N,C3316,11,C
5128,N,C3316,27,C
5133,O,C3316,4,C
5195,D,C33OTHER,104,C
5196,D,C33OTHER,39,C
5197,E,C33OTHER,2,C
5198,E,C33OTHER,3,C
5199,E,C33OTHER,17,C
5201,F,C33OTHER,472,C
5205,H,C33OTHER,4,C
5206,H,C33OTHER,98,C
5207,H,C33OTHER,9,C
5208,H,C33OTHER,5,C
5209,H,C33OTHER,53,C
5210,H,C33OTHER,66,C
5212,I,C33OTHER,11,C
5213,J,C33OTHER,77,C
5215,J,C33OTHER,75,C
5216,J,C33OTHER,89,C
5217,J,C33OTHER,20,C
5218,K,C33OTHER,214,C
5219,K,C33OTHER,105,C
5220,K,C33OTHER,12,C
5221,L,C33OTHER,48,C
5224,M,C33OTHER,36,C
5225,M,C33OTHER,63,C
5226,M,C33OTHER,45,C
5227,M,C33OTHER,104,C
5229,M,C33OTHER,33,C
5230,M,C33OTHER,6,C
5232,N,C33OTHER,138,C
5233,N,C33OTHER,122,C
5234,N,C33OTHER,3,C
5236,N,C33OTHER,29,C
5237,N,C33OTHER,10,C
5238,O,C33OTHER,8,C
5246,S,C33OTHER,4,C
5248,S,C33OTHER,3,C
5250,A,D351,143,D
5251,A,D351,800,D
5253,B,D351,1005,D
5254,B,D351,5671,D
5257,C,D351,28,D
5258,C,D351,20,D
5259,C,D351,1,D
5260,C,D351,21,D
5262,C,D351,26,D
5263,C,D351,8,D
5271,C,D351,21,D
5273,C,D351,9,D
5277,C,D351,436,D
5280,C,D351,39,D
5285,C,D351,450,D
5287,C,D351,267,D
5288,C,D351,404,D
5289,C,D351,517,D
5290,C,D351,1141,D
5296,C,D351,47,D
5299,C,D351,1451,D
5302,E,D351,79,D
5303,E,D351,4,D
5304,E,D351,558,D
5306,F,D351,2844,D
5311,H,D351,47,D
5312,H,D351,1,D
5313,H,D351,1,D
5315,H,D351,197,D
5317,I,D351,8,D
5320,J,D351,183,D
5321,J,D351,634,D
5322,J,D351,3,D
5323,K,D351,1438,D
5324,K,D351,79,D
5325,K,D351,2,D
5326,L,D351,201,D
5329,M,D351,579,D
5330,M,D351,583,D
5331,M,D351,598,D
5332,M,D351,786,D
5334,M,D351,213,D
5335,M,D351,104,D
5337,N,D351,97,D
5338,N,D351,371,D
5339,N,D351,3,D
5341,N,D351,150,D
5342,N,D351,363,D
5343,O,D351,27,D
5355,A,D352_3,4,D
5359,B,D352_3,3759,D
5362,C,D352_3,3,D
5363,C,D352_3,1,D
5367,C,D352_3,2,D
5376,C,D352_3,27,D
5392,C,D352_3,3,D
5393,C,D352_3,36,D
5394,C,D352_3,23,D
5395,C,D352_3,222,D
5401,C,D352_3,16,D
5404,C,D352_3,905,D
5407,E,D352_3,3,D
5408,E,D352_3,2,D
5409,E,D352_3,4,D
5411,F,D352_3,736,D
5416,H,D352_3,21,D
5420,H,D352_3,32,D
5422,I,D352_3,23,D
5425,J,D352_3,64,D
5426,J,D352_3,295,D
5427,J,D352_3,190,D
5428,K,D352_3,328,D
5429,K,D352_3,28,D
5430,K,D352_3,7,D
5431,L,D352_3,69,D
5434,M,D352_3,132,D
5435,M,D352_3,92,D
5436,M,D352_3,729,D
5437,M,D352_3,90,D
5439,M,D352_3,51,D
5442,N,D352_3,42,D
5443,N,D352_3,96,D
5446,N,D352_3,21,D
5447,N,D352_3,255,D
5448,O,D352_3,6,D
5467,C,E36,4,E
5468,C,E36,5,E
5470,C,E36,4,E
5472,C,E36,5,E
5473,C,E36,2,E
5481,C,E36,4,E
5483,C,E36,35,E
5487,C,E36,146,E
5488,C,E36,46,E
5489,C,E36,11,E
5491,C,E36,3,E
5492,C,E36,4,E
5495,C,E36,31,E
5497,C,E36,3,E
5498,C,E36,53,E
5500,C,E36,149,E
5501,C,E36,6,E
5506,C,E36,10,E
5509,C,E36,96,E
5510,D,E36,489,E
5511,D,E36,4,E
5516,F,E36,264,E
5517,G,E36,45,E
5521,H,E36,23,E
5524,H,E36,35,E
5525,H,E36,31,E
5527,I,E36,7,E
5528,J,E36,15,E
5530,J,E36,46,E
5531,J,E36,82,E
5532,J,E36,11,E
5533,K,E36,240,E
5534,K,E36,26,E
5535,K,E36,6,E
5536,L,E36,30,E
5539,M,E36,38,E
5540,M,E36,25,E
5541,M,E36,6,E
5542,M,E36,199,E
5544,M,E36,8,E
5545,M,E36,1,E
5547,N,E36,38,E
5548,N,E36,125,E
5553,O,E36,59,E
5554,P,E36,6,E
5555,Q,E36,11,E
5556,Q,E36,4,E
5560,R,E36,1,E
5561,S,E36,2,E
5586,C,E37,2,E
5588,C,E37,40,E
5590,C,E37,3,E
5591,C,E37,2,E
5593,C,E37,19,E
5596,C,E37,2,E
5597,C,E37,3,E
5603,C,E37,7,E
5606,C,E37,39,E
5611,C,E37,8,E
5614,C,E37,14,E
5615,D,E37,88,E
5616,D,E37,3,E
5621,F,E37,319,E
5622,G,E37,13,E
5626,H,E37,17,E
5629,H,E37,5,E
5630,H,E37,2,E
5635,J,E37,8,E
5636,J,E37,100,E
5638,K,E37,69,E
5639,K,E37,114,E
5640,K,E37,9,E
5641,L,E37,8,E
5644,M,E37,3,E
5645,M,E37,1,E
5646,M,E37,3,E
5649,M,E37,4,E
5650,M,E37,6,E
5652,N,E37,39,E
5653,N,E37,32,E
5655,N,E37,4,E
5659,P,E37,4,E
5670,A,E38,3,E
5677,C,E38,5,E
5678,C,E38,5,E
5680,C,E38,5,E
5682,C,E38,7,E
5683,C,E38,6,E
5688,C,E38,12,E
5690,C,E38,6,E
5691,C,E38,130,E
5692,C,E38,28,E
5693,C,E38,203,E
5694,C,E38,13,E
5695,C,E38,48,E
5697,C,E38,1,E
5698,C,E38,8,E
5701,C,E38,281,E
5702,C,E38,33,E
5703,C,E38,121,E
5704,C,E38,616,E
5707,C,E38,963,E
5708,C,E38,97,E
5709,C,E38,32,E
5710,C,E38,370,E
5711,C,E38,59,E
5716,C,E38,61,E
5719,C,E38,201,E
5720,D,E38,143,E
5721,D,E38,33,E
5726,F,E38,268,E
5727,G,E38,161,E
5730,H,E38,1,E
5731,H,E38,368,E
5733,H,E38,14,E
5734,H,E38,296,E
5735,H,E38,17,E
5737,I,E38,6,E
5738,J,E38,11,E
5739,J,E38,37,E
5740,J,E38,36,E
5741,J,E38,68,E
5743,K,E38,554,E
5744,K,E38,165,E
5745,K,E38,97,E
5746,L,E38,137,E
5748,L,E38,1,E
5749,M,E38,45,E
5750,M,E38,65,E
5751,M,E38,86,E
5752,M,E38,242,E
5754,M,E38,59,E
5755,M,E38,143,E
5757,N,E38,546,E
5758,N,E38,276,E
5760,N,E38,124,E
5761,N,E38,184,E
5762,N,E38,279,E
5763,O,E38,37,E
5764,P,E38,27,E
5765,Q,E38,12,E
5767,R,E38,24,E
5768,R,E38,13,E
5770,R,E38,16,E
5771,S,E38,3,E
5772,S,E38,20,E
5773,S,E38,1,E
5796,C,E39,3,E
5798,C,E39,14,E
5800,C,E39,2,E
5801,C,E39,1,E
5803,C,E39,1,E
5806,C,E39,2,E
5813,C,E39,2,E
5821,C,E39,2,E
5824,C,E39,1,E
5825,D,E39,2,E
5826,D,E39,1,E
5836,H,E39,1,E
5839,H,E39,2,E
5840,H,E39,4,E
5845,J,E39,3,E
5846,J,E39,5,E
5848,K,E39,5,E
5851,L,E39,43,E
5854,M,E39,3,E
5855,M,E39,46,E
5857,M,E39,11,E
5859,M,E39,2,E
5862,N,E39,58,E
5863,N,E39,1,E
5866,N,E39,4,E
5867,N,E39,2,E
5878,S,E39,1,E
5885,B,"F41,F42&F43",3075,F
5887,C,"F41,F42&F43",9,F
5888,C,"F41,F42&F43",11,F
5890,C,"F41,F42&F43",7,F
5892,C,"F41,F42&F43",7,F
5893,C,"F41,F42&F43",2,F
5895,C,"F41,F42&F43",1,F
5896,C,"F41,F42&F43",2,F
5897,C,"F41,F42&F43",607,F
5898,C,"F41,F42&F43",8,F
5899,C,"F41,F42&F43",10,F
5900,C,"F41,F42&F43",6577,F
5901,C,"F41,F42&F43",320,F
5903,C,"F41,F42&F43",3050,F
5904,C,"F41,F42&F43",1167,F
5905,C,"F41,F42&F43",1,F
5906,C,"F41,F42&F43",93,F
5907,C,"F41,F42&F43",1,F
5908,C,"F41,F42&F43",2,F
5909,C,"F41,F42&F43",1,F
5911,C,"F41,F42&F43",2493,F
5912,C,"F41,F42&F43",11273,F
5913,C,"F41,F42&F43",3981,F
5914,C,"F41,F42&F43",1431,F
5915,C,"F41,F42&F43",1399,F
5917,C,"F41,F42&F43",10081,F
5918,C,"F41,F42&F43",1176,F
5919,C,"F41,F42&F43",6268,F
5920,C,"F41,F42&F43",3377,F
5921,C,"F41,F42&F43",513,F
5925,C,"F41,F42&F43",519,F
5926,C,"F41,F42&F43",620,F
5929,C,"F41,F42&F43",150,F
5930,D,"F41,F42&F43",677,F
5931,D,"F41,F42&F43",244,F
5932,E,"F41,F42&F43",134,F
5933,E,"F41,F42&F43",313,F
5934,E,"F41,F42&F43",632,F
5937,G,"F41,F42&F43",213,F
5940,H,"F41,F42&F43",21,F
5941,H,"F41,F42&F43",960,F
5942,H,"F41,F42&F43",5,F
5943,H,"F41,F42&F43",36,F
5945,H,"F41,F42&F43",61,F
5946,I,"F41,F42&F43",32,F
5947,I,"F41,F42&F43",32,F
5950,J,"F41,F42&F43",864,F
5951,J,"F41,F42&F43",1869,F
5952,J,"F41,F42&F43",30,F
5953,K,"F41,F42&F43",3847,F
5954,K,"F41,F42&F43",1114,F
5955,K,"F41,F42&F43",401,F
5956,L,"F41,F42&F43",283,F
5958,L,"F41,F42&F43",49,F
5959,M,"F41,F42&F43",1055,F
5960,M,"F41,F42&F43",176,F
5961,M,"F41,F42&F43",105,F
5962,M,"F41,F42&F43",4277,F
5964,M,"F41,F42&F43",831,F
5965,M,"F41,F42&F43",58,F
5967,N,"F41,F42&F43",5204,F
5968,N,"F41,F42&F43",2202,F
5970,N,"F41,F42&F43",1008,F
5971,N,"F41,F42&F43",871,F
5972,N,"F41,F42&F43",90,F
5973,O,"F41,F42&F43",1308,F
5981,S,"F41,F42&F43",2,F
5992,C,G45,171,G
5993,C,G45,118,G
5994,C,G45,9,G
5995,C,G45,110,G
5997,C,G45,152,G
5998,C,G45,63,G
6002,C,G45,4,G
6004,C,G45,11,G
6006,C,G45,81,G
6007,C,G45,60,G
6008,C,G45,445,G
6016,C,G45,335,G
6018,C,G45,39,G
6022,C,G45,169,G
6023,C,G45,78,G
6024,C,G45,93,G
6025,C,G45,281,G
6026,C,G45,10346,G
6031,C,G45,29,G
6034,C,G45,353,G
6035,D,G45,280,G
6036,D,G45,57,G
6037,E,G45,73,G
6038,E,G45,25,G
6039,E,G45,106,G
6041,F,G45,138,G
6046,H,G45,690,G
6048,H,G45,213,G
6049,H,G45,531,G
6050,H,G45,245,G
6052,I,G45,33,G
6055,J,G45,301,G
6056,J,G45,791,G
6057,J,G45,343,G
6058,K,G45,904,G
6059,K,G45,199,G
6060,K,G45,48,G
6061,L,G45,689,G
6064,M,G45,130,G
6065,M,G45,319,G
6066,M,G45,132,G
6067,M,G45,218,G
6069,M,G45,1457,G
6070,M,G45,477,G
6072,N,G45,220,G
6073,N,G45,197,G
6074,N,G45,5,G
6077,N,G45,494,G
6078,O,G45,30,G
6090,A,G46,130,G
6094,B,G46,5,G
6097,C,G46,829,G
6107,C,G46,1049,G
6108,C,G46,620,G
6109,C,G46,547,G
6110,C,G46,72,G
6111,C,G46,928,G
6112,C,G46,552,G
6113,C,G46,4529,G
6114,C,G46,34,G
6115,C,G46,124,G
6116,C,G46,118,G
6118,C,G46,96,G
6121,C,G46,1199,G
6122,C,G46,120,G
6123,C,G46,302,G
6124,C,G46,152,G
6125,C,G46,73,G
6127,C,G46,372,G
6128,C,G46,1010,G
6129,C,G46,438,G
6130,C,G46,1844,G
6131,C,G46,450,G
6136,C,G46,309,G
6139,C,G46,705,G
6140,D,G46,1068,G
6141,D,G46,117,G
6142,E,G46,141,G
6143,E,G46,95,G
6144,E,G46,541,G
6146,F,G46,2947,G
6151,H,G46,9814,G
6154,H,G46,9392,G
6155,H,G46,1430,G
6157,I,G46,434,G
6160,J,G46,895,G
6161,J,G46,2110,G
6162,J,G46,540,G
6163,K,G46,1994,G
6164,K,G46,548,G
6165,K,G46,572,G
6166,L,G46,3649,G
6169,M,G46,877,G
6170,M,G46,1486,G
6171,M,G46,1919,G
6172,M,G46,320,G
6174,M,G46,3271,G
6175,M,G46,1183,G
6177,N,G46,1269,G
6178,N,G46,1654,G
6181,N,G46,896,G
6182,N,G46,2653,G
6183,O,G46,87,G
6191,S,G46,3,G
6202,C,G47,197,G
6203,C,G47,131,G
6204,C,G47,13,G
6205,C,G47,129,G
6206,C,G47,25,G
6207,C,G47,168,G
6208,C,G47,69,G
6210,C,G47,7,G
6211,C,G47,5,G
6213,C,G47,374,G
6214,C,G47,59,G
6215,C,G47,8,G
6216,C,G47,395,G
6217,C,G47,534,G
6218,C,G47,1250,G
6220,C,G47,236,G
6226,C,G47,1088,G
6228,C,G47,320,G
6232,C,G47,243,G
6233,C,G47,313,G
6234,C,G47,329,G
6235,C,G47,469,G
6236,C,G47,172,G
6241,C,G47,235,G
6244,C,G47,1374,G
6245,D,G47,3064,G
6246,D,G47,323,G
6247,E,G47,307,G
6248,E,G47,134,G
6249,E,G47,513,G
6251,F,G47,1824,G
6256,H,G47,3485,G
6259,H,G47,5869,G
6260,H,G47,2410,G
6261,I,G47,320,G
6262,I,G47,303,G
6263,J,G47,44,G
6265,J,G47,820,G
6266,J,G47,2250,G
6267,J,G47,906,G
6268,K,G47,2745,G
6269,K,G47,500,G
6270,K,G47,353,G
6271,L,G47,8869,G
6274,M,G47,558,G
6275,M,G47,800,G
6276,M,G47,1988,G
6277,M,G47,330,G
6279,M,G47,5115,G
6280,M,G47,1048,G
6282,N,G47,988,G
6283,N,G47,2036,G
6284,N,G47,34,G
6287,N,G47,1745,G
6288,O,G47,439,G
6296,S,G47,4,G
6307,C,H491_2,5,H
6308,C,H491_2,98,H
6310,C,H491_2,3,H
6312,C,H491_2,3,H
6313,C,H491_2,4,H
6318,C,H491_2,1,H
6321,C,H491_2,3,H
6323,C,H491_2,276,H
6331,C,H491_2,5,H
6332,C,H491_2,3,H
6333,C,H491_2,11,H
6338,C,H491_2,24,H
6340,C,H491_2,28,H
6344,C,H491_2,165,H
6346,C,H491_2,3,H
6349,C,H491_2,1377,H
6350,D,H491_2,300,H
6351,D,H491_2,5,H
6352,E,H491_2,11,H
6353,E,H491_2,2,H
6354,E,H491_2,7,H
6356,F,H491_2,1,H
6357,G,H491_2,91,H
6366,I,H491_2,8,H
6367,I,H491_2,181,H
6370,J,H491_2,43,H
6371,J,H491_2,153,H
6372,J,H491_2,54,H
6373,K,H491_2,98,H
6374,K,H491_2,18,H
6375,K,H491_2,20,H
6376,L,H491_2,1,H
6378,L,H491_2,1,H
6379,M,H491_2,27,H
6380,M,H491_2,104,H
6381,M,H491_2,333,H
6382,M,H491_2,5,H
6384,M,H491_2,118,H
6385,M,H491_2,36,H
6387,N,H491_2,1580,H
6388,N,H491_2,97,H
6389,N,H491_2,37,H
6390,N,H491_2,2,H
6392,N,H491_2,76,H
6393,O,H491_2,213,H
6394,P,H491_2,1,H
6409,B,H493_5,1,H
6412,C,H493_5,266,H
6413,C,H493_5,248,H
6414,C,H493_5,23,H
6415,C,H493_5,136,H
6417,C,H493_5,323,H
6418,C,H493_5,132,H
6426,C,H493_5,86,H
6428,C,H493_5,4678,H
6436,C,H493_5,408,H
6443,C,H493_5,96,H
6444,C,H493_5,41,H
6446,C,H493_5,1358,H
6451,C,H493_5,69,H
6454,C,H493_5,184,H
6455,D,H493_5,186,H
6456,D,H493_5,14,H
6457,E,H493_5,26,H
6458,E,H493_5,29,H
6459,E,H493_5,155,H
6461,F,H493_5,80,H
6462,G,H493_5,1243,H
6471,I,H493_5,53,H
6472,I,H493_5,26,H
6475,J,H493_5,164,H
6476,J,H493_5,218,H
6477,J,H493_5,65,H
6478,K,H493_5,830,H
6479,K,H493_5,145,H
6480,K,H493_5,64,H
6481,L,H493_5,395,H
6484,M,H493_5,93,H
6485,M,H493_5,139,H
6486,M,H493_5,106,H
6487,M,H493_5,19,H
6489,M,H493_5,117,H
6490,M,H493_5,224,H
6492,N,H493_5,1133,H
6493,N,H493_5,1379,H
6494,N,H493_5,48,H
6496,N,H493_5,86,H
6497,N,H493_5,697,H
6498,O,H493_5,1916,H
6517,C,H50,20,H
6518,C,H50,13,H
6519,C,H50,1,H
6520,C,H50,12,H
6522,C,H50,18,H
6523,C,H50,8,H
6525,C,H50,12,H
6526,C,H50,5,H
6531,C,H50,7,H
6533,C,H50,717,H
6548,C,H50,15,H
6550,C,H50,4,H
6552,C,H50,300,H
6556,C,H50,81,H
6557,C,H50,143,H
6559,C,H50,30,H
6560,D,H50,9,H
6561,D,H50,1,H
6562,E,H50,15,H
6563,E,H50,4,H
6564,E,H50,14,H
6566,F,H50,13,H
6567,G,H50,2,H
6577,I,H50,48,H
6580,J,H50,72,H
6581,J,H50,173,H
6583,K,H50,232,H
6584,K,H50,62,H
6585,K,H50,364,H
6586,L,H50,41,H
6589,M,H50,14,H
6590,M,H50,31,H
6591,M,H50,14,H
6592,M,H50,95,H
6594,M,H50,84,H
6595,M,H50,30,H
6597,N,H50,551,H
6598,N,H50,176,H
6599,N,H50,1074,H
6600,N,H50,2,H
6603,O,H50,25,H
6604,P,H50,12,H
6622,C,H51,8,H
6623,C,H51,5,H
6624,C,H51,1,H
6625,C,H51,5,H
6627,C,H51,7,H
6628,C,H51,4,H
6633,C,H51,3,H
6636,C,H51,12,H
6638,C,H51,6546,H
6653,C,H51,3,H
6658,C,H51,575,H
6661,C,H51,9,H
6663,C,H51,3403,H
6664,C,H51,11,H
6665,D,H51,23,H
6666,D,H51,17,H
6667,E,H51,4,H
6668,E,H51,3,H
6669,E,H51,1,H
6672,G,H51,3,H
6681,I,H51,688,H
6682,I,H51,374,H
6684,J,H51,1,H
6685,J,H51,51,H
6686,J,H51,142,H
6687,J,H51,18,H
6688,K,H51,332,H
6689,K,H51,232,H
6690,K,H51,196,H
6691,L,H51,666,H
6694,M,H51,69,H
6695,M,H51,17,H
6696,M,H51,133,H
6697,M,H51,22,H
6699,M,H51,198,H
6700,M,H51,5,H
6702,N,H51,1880,H
6703,N,H51,22,H
6704,N,H51,117,H
6705,N,H51,20,H
6706,N,H51,123,H
6707,N,H51,86,H
6708,O,H51,92,H
6709,P,H51,25,H
6716,S,H51,3,H
6725,B,H52,5,H
6727,C,H52,261,H
6728,C,H52,250,H
6729,C,H52,24,H
6730,C,H52,132,H
6731,C,H52,1,H
6732,C,H52,320,H
6733,C,H52,134,H
6735,C,H52,6,H
6736,C,H52,4,H
6741,C,H52,396,H
6742,C,H52,8,H
6743,C,H52,1185,H
6746,C,H52,4,H
6751,C,H52,488,H
6753,C,H52,4,H
6757,C,H52,4,H
6758,C,H52,403,H
6759,C,H52,4,H
6760,C,H52,85,H
6761,C,H52,331,H
6766,C,H52,244,H
6767,C,H52,5,H
6768,C,H52,4,H
6769,C,H52,660,H
6770,D,H52,454,H
6771,D,H52,63,H
6772,E,H52,64,H
6773,E,H52,40,H
6774,E,H52,127,H
6776,F,H52,354,H
6777,G,H52,21,H
6786,I,H52,39,H
6787,I,H52,98,H
6788,J,H52,8,H
6790,J,H52,247,H
6791,J,H52,648,H
6792,J,H52,105,H
6793,K,H52,1251,H
6794,K,H52,196,H
6795,K,H52,62,H
6796,L,H52,1058,H
6799,M,H52,95,H
6800,M,H52,241,H
6801,M,H52,378,H
6802,M,H52,87,H
6804,M,H52,282,H
6805,M,H52,39,H
6807,N,H52,1300,H
6808,N,H52,1295,H
6809,N,H52,76,H
6810,N,H52,5,H
6811,N,H52,158,H
6812,N,H52,879,H
6813,O,H52,26,H
6814,P,H52,103,H
6821,S,H52,15,H
6823,S,H52,4,H
6832,C,H53,27,H
6833,C,H53,17,H
6834,C,H53,3,H
6835,C,H53,18,H
6837,C,H53,24,H
6838,C,H53,9,H
6840,C,H53,2,H
6841,C,H53,2,H
6843,C,H53,3,H
6846,C,H53,133,H
6847,C,H53,9,H
6848,C,H53,534,H
6863,C,H53,65,H
6864,C,H53,2,H
6865,C,H53,4,H
6866,C,H53,81,H
6871,C,H53,69,H
6874,C,H53,59,H
6875,D,H53,66,H
6876,D,H53,25,H
6877,E,H53,7,H
6878,E,H53,5,H
6879,E,H53,24,H
6881,F,H53,50,H
6882,G,H53,289,H
6891,I,H53,9,H
6892,I,H53,23,H
6895,J,H53,99,H
6896,J,H53,314,H
6897,J,H53,122,H
6898,K,H53,521,H
6899,K,H53,103,H
6900,K,H53,41,H
6905,M,H53,14,H
6906,M,H53,49,H
6909,M,H53,50,H
6912,N,H53,404,H
6913,N,H53,604,H
6915,N,H53,22,H
6916,N,H53,22,H
6918,O,H53,128,H
6919,P,H53,6,H
6930,A,I55,22,I
6932,A,I55,47,I
6937,C,I55,527,I
6938,C,I55,591,I
6939,C,I55,32,I
6940,C,I55,263,I
6942,C,I55,236,I
6943,C,I55,423,I
6945,C,I55,2046,I
6946,C,I55,251,I
6951,C,I55,115,I
6953,C,I55,52,I
6963,C,I55,59,I
6968,C,I55,59,I
6976,C,I55,36,I
6979,C,I55,124,I
6980,D,I55,790,I
6981,D,I55,185,I
6982,E,I55,241,I
6983,E,I55,64,I
6984,E,I55,122,I
6986,F,I55,15,I
6987,G,I55,67,I
6991,H,I55,62,I
6993,H,I55,4,I
6995,H,I55,28,I
6999,J,I55,47,I
7000,J,I55,130,I
7001,J,I55,269,I
7002,J,I55,2,I
7003,K,I55,475,I
7004,K,I55,91,I
7005,K,I55,16,I
7006,L,I55,1049,I
7009,M,I55,80,I
7010,M,I55,105,I
7011,M,I55,134,I
7012,M,I55,29,I
7014,M,I55,554,I
7015,M,I55,88,I
7017,N,I55,165,I
7018,N,I55,333,I
7019,N,I55,858,I
7021,N,I55,581,I
7022,N,I55,246,I
7023,O,I55,26,I
7029,R,I55,11,I
7031,S,I55,2,I
7035,A,I56,57,I
7037,A,I56,307,I
7042,C,I56,2603,I
7043,C,I56,1322,I
7044,C,I56,457,I
7045,C,I56,601,I
7046,C,I56,358,I
7047,C,I56,1636,I
7048,C,I56,2819,I
7050,C,I56,10156,I
7051,C,I56,1552,I
7052,C,I56,15,I
7053,C,I56,24,I
7056,C,I56,186,I
7058,C,I56,122,I
7060,C,I56,191,I
7063,C,I56,1,I
7066,C,I56,38,I
7068,C,I56,114,I
7073,C,I56,70,I
7081,C,I56,18,I
7084,C,I56,522,I
7085,D,I56,704,I
7086,D,I56,261,I
7087,E,I56,302,I
7088,E,I56,39,I
7089,E,I56,290,I
7091,F,I56,264,I
7092,G,I56,89,I
7096,H,I56,263,I
7098,H,I56,186,I
7099,H,I56,164,I
7100,H,I56,32,I
7105,J,I56,205,I
7106,J,I56,348,I
7107,J,I56,11,I
7108,K,I56,1159,I
7109,K,I56,228,I
7110,K,I56,59,I
7111,L,I56,1932,I
7114,M,I56,129,I
7115,M,I56,303,I
7116,M,I56,213,I
7117,M,I56,8,I
7119,M,I56,510,I
7120,M,I56,45,I
7122,N,I56,275,I
7123,N,I56,302,I
7124,N,I56,23,I
7126,N,I56,335,I
7127,N,I56,407,I
7128,O,I56,73,I
7129,P,I56,56,I
7137,S,I56,2,I
7138,S,I56,116,I
7147,C,J58,11,J
7148,C,J58,72,J
7149,C,J58,7,J
7150,C,J58,71,J
7152,C,J58,91,J
7153,C,J58,39,J
7161,C,J58,1754,J
7162,C,J58,1211,J
7163,C,J58,17,J
7164,C,J58,393,J
7166,C,J58,31,J
7178,C,J58,333,J
7186,C,J58,13,J
7189,C,J58,56,J
7190,D,J58,56,J
7191,D,J58,4,J
7192,E,J58,6,J
7193,E,J58,3,J
7194,E,J58,15,J
7197,G,J58,15,J
7201,H,J58,251,J
7205,H,J58,252,J
7207,I,J58,50,J
7213,K,J58,137,J
7214,K,J58,20,J
7215,K,J58,37,J
7216,L,J58,284,J
7219,M,J58,142,J
7220,M,J58,140,J
7221,M,J58,194,J
7224,M,J58,766,J
7225,M,J58,358,J
7227,N,J58,73,J
7228,N,J58,194,J
7232,N,J58,10,J
7233,O,J58,20,J
7236,Q,J58,1,J
7237,R,J58,174,J
7241,S,J58,18,J
7243,S,J58,13,J
7252,C,J59&J60,25,J
7253,C,J59&J60,19,J
7254,C,J59&J60,2,J
7255,C,J59&J60,17,J
7257,C,J59&J60,24,J
7258,C,J59&J60,16,J
7259,C,J59&J60,28,J
7261,C,J59&J60,562,J
7266,C,J59&J60,104,J
7267,C,J59&J60,12,J
7268,C,J59&J60,29,J
7271,C,J59&J60,44,J
7274,C,J59&J60,8,J
7283,C,J59&J60,2427,J
7284,C,J59&J60,22,J
7285,C,J59&J60,4,J
7286,C,J59&J60,1,J
7291,C,J59&J60,429,J
7294,C,J59&J60,70,J
7295,D,J59&J60,128,J
7296,D,J59&J60,15,J
7297,E,J59&J60,7,J
7298,E,J59&J60,5,J
7299,E,J59&J60,7,J
7300,E,J59&J60,2,J
7301,F,J59&J60,8,J
7302,G,J59&J60,8,J
7306,H,J59&J60,92,J
7308,H,J59&J60,36,J
7309,H,J59&J60,24,J
7310,H,J59&J60,113,J
7311,I,J59&J60,87,J
7312,I,J59&J60,320,J
7318,K,J59&J60,288,J
7319,K,J59&J60,110,J
7320,K,J59&J60,14,J
7321,L,J59&J60,719,J
7323,L,J59&J60,4,J
7324,M,J59&J60,409,J
7325,M,J59&J60,280,J
7326,M,J59&J60,290,J
7327,M,J59&J60,126,J
7329,M,J59&J60,2957,J
7330,M,J59&J60,881,J
7331,M,J59&J60,4,J
7332,N,J59&J60,224,J
7333,N,J59&J60,211,J
7334,N,J59&J60,13,J
7335,N,J59&J60,53,J
7336,N,J59&J60,44,J
7337,N,J59&J60,558,J
7338,O,J59&J60,26,J
7339,P,J59&J60,22,J
7340,Q,J59&J60,4,J
7342,R,J59&J60,683,J
7343,R,J59&J60,7,J
7345,R,J59&J60,164,J
7346,S,J59&J60,180,J
7347,S,J59&J60,2,J
7348,S,J59&J60,362,J
7357,C,J61,15,J
7358,C,J61,8,J
7359,C,J61,1,J
7360,C,J61,10,J
7362,C,J61,12,J
7363,C,J61,6,J
7371,C,J61,123,J
7372,C,J61,99,J
7373,C,J61,155,J
7381,C,J61,20,J
7388,C,J61,1369,J
7389,C,J61,69,J
7390,C,J61,22,J
7391,C,J61,54,J
7396,C,J61,34,J
7399,C,J61,598,J
7400,D,J61,569,J
7401,D,J61,18,J
7402,E,J61,13,J
7403,E,J61,2,J
7404,E,J61,7,J
7406,F,J61,64,J
7407,G,J61,1,J
7411,H,J61,64,J
7413,H,J61,10,J
7414,H,J61,240,J
7415,H,J61,111,J
7417,I,J61,37,J
7423,K,J61,748,J
7424,K,J61,32,J
7425,K,J61,147,J
7426,L,J61,1250,J
7429,M,J61,168,J
7430,M,J61,499,J
7431,M,J61,1285,J
7432,M,J61,4,J
7434,M,J61,1118,J
7435,M,J61,15,J
7437,N,J61,281,J
7438,N,J61,275,J
7439,N,J61,39,J
7442,N,J61,911,J
7443,O,J61,19,J
7444,P,J61,199,J
7462,C,J62,78,J
7463,C,J62,53,J
7464,C,J62,5,J
7465,C,J62,51,J
7466,C,J62,1,J
7467,C,J62,64,J
7468,C,J62,29,J
7470,C,J62,2,J
7476,C,J62,125,J
7478,C,J62,57,J
7479,C,J62,5,J
7482,C,J62,7,J
7483,C,J62,9,J
7484,C,J62,6,J
7486,C,J62,56,J
7493,C,J62,668,J
7494,C,J62,43,J
7496,C,J62,41,J
7501,C,J62,35,J
7504,C,J62,184,J
7505,D,J62,380,J
7506,D,J62,23,J
7507,E,J62,19,J
7508,E,J62,8,J
7509,E,J62,1,J
7511,F,J62,8,J
7512,G,J62,61,J
7516,H,J62,168,J
7519,H,J62,786,J
7520,H,J62,294,J
7521,I,J62,436,J
7522,I,J62,466,J
7528,K,J62,833,J
7529,K,J62,290,J
7530,K,J62,652,J
7531,L,J62,1858,J
7534,M,J62,1170,J
7535,M,J62,2208,J
7536,M,J62,1656,J
7537,M,J62,18,J
7539,M,J62,1453,J
7540,M,J62,153,J
7542,N,J62,524,J
7543,N,J62,1122,J
7545,N,J62,14,J
7546,N,J62,484,J
7547,N,J62,3242,J
7548,O,J62,19,J
7549,P,J62,600,J
7567,C,J63,10,J
7568,C,J63,7,J
7570,C,J63,6,J
7572,C,J63,7,J
7573,C,J63,4,J
7581,C,J63,513,J
7583,C,J63,5,J
7598,C,J63,478,J
7599,C,J63,8,J
7601,C,J63,50,J
7606,C,J63,3,J
7609,C,J63,297,J
7610,D,J63,278,J
7611,D,J63,7,J
7612,E,J63,5,J
7613,E,J63,2,J
7614,E,J63,8,J
7616,F,J63,31,J
7617,G,J63,73,J
7621,H,J63,36,J
7623,H,J63,5,J
7625,H,J63,322,J
7627,I,J63,63,J
7633,K,J63,115,J
7634,K,J63,65,J
7635,K,J63,2,J
7639,M,J63,862,J
7640,M,J63,108,J
7641,M,J63,255,J
7642,M,J63,7,J
7644,M,J63,284,J
7645,M,J63,129,J
7647,N,J63,70,J
7648,N,J63,239,J
7650,N,J63,71,J
7651,N,J63,466,J
7652,N,J63,196,J
7653,O,J63,6,J
7661,S,J63,2,J
7665,A,K64,1,K
7669,B,K64,2,K
7670,B,K64,1,K
7672,C,K64,20,K
7673,C,K64,87,K
7674,C,K64,19,K
7675,C,K64,50,K
7677,C,K64,44,K
7678,C,K64,108,K
7680,C,K64,62,K
7681,C,K64,65,K
7682,C,K64,44,K
7683,C,K64,29,K
7684,C,K64,15,K
7685,C,K64,8,K
7686,C,K64,376,K
7687,C,K64,426,K
7688,C,K64,741,K
7689,C,K64,14,K
7690,C,K64,20,K
7691,C,K64,8,K
7692,C,K64,3,K
7693,C,K64,1,K
7694,C,K64,1,K
7695,C,K64,1,K
7696,C,K64,201,K
7697,C,K64,1,K
7699,C,K64,1,K
7700,C,K64,2,K
7702,C,K64,38,K
7703,C,K64,134,K
7704,C,K64,95,K
7705,C,K64,62,K
7706,C,K64,169,K
7708,C,K64,2,K
7709,C,K64,3,K
7710,C,K64,29,K
7711,C,K64,247,K
7714,C,K64,24,K
7715,D,K64,549,K
7716,D,K64,108,K
7717,E,K64,7,K
7718,E,K64,10,K
7719,E,K64,78,K
7721,F,K64,1686,K
7722,G,K64,501,K
7725,H,K64,24,K
7726,H,K64,717,K
7727,H,K64,67,K
7728,H,K64,1572,K
7729,H,K64,1453,K
7730,H,K64,4285,K
7731,I,K64,915,K
7732,I,K64,633,K
7733,J,K64,136,K
7734,J,K64,1,K
7735,J,K64,3517,K
7736,J,K64,5266,K
7737,J,K64,1030,K
7741,L,K64,2342,K
7743,L,K64,74,K
7744,M,K64,2918,K
7745,M,K64,2688,K
7746,M,K64,12792,K
7747,M,K64,1824,K
7749,M,K64,2736,K
7750,M,K64,827,K
7752,N,K64,150,K
7753,N,K64,2540,K
7754,N,K64,819,K
7755,N,K64,1593,K
7756,N,K64,816,K
7757,N,K64,6912,K
7758,O,K64,132,K
7759,P,K64,1341,K
7760,Q,K64,54,K
7761,Q,K64,9,K
7762,R,K64,38,K
7764,R,K64,567,K
7765,R,K64,69,K
7766,S,K64,381,K
7767,S,K64,133,K
7768,S,K64,360,K
7774,B,K65.1-2&K65.3,1,K
7777,C,K65.1-2&K65.3,10,K
7778,C,K65.1-2&K65.3,26,K
7779,C,K65.1-2&K65.3,5,K
7780,C,K65.1-2&K65.3,18,K
7782,C,K65.1-2&K65.3,25,K
7783,C,K65.1-2&K65.3,37,K
7785,C,K65.1-2&K65.3,11,K
7786,C,K65.1-2&K65.3,11,K
7787,C,K65.1-2&K65.3,18,K
7788,C,K65.1-2&K65.3,16,K
7789,C,K65.1-2&K65.3,10,K
7790,C,K65.1-2&K65.3,6,K
7791,C,K65.1-2&K65.3,258,K
7792,C,K65.1-2&K65.3,1354,K
7793,C,K65.1-2&K65.3,286,K
7794,C,K65.1-2&K65.3,11,K
7795,C,K65.1-2&K65.3,5,K
7796,C,K65.1-2&K65.3,10,K
7797,C,K65.1-2&K65.3,6,K
7798,C,K65.1-2&K65.3,1,K
7799,C,K65.1-2&K65.3,12,K
7801,C,K65.1-2&K65.3,49,K
7804,C,K65.1-2&K65.3,21,K
7805,C,K65.1-2&K65.3,17,K
7807,C,K65.1-2&K65.3,45,K
7808,C,K65.1-2&K65.3,87,K
7809,C,K65.1-2&K65.3,43,K
7810,C,K65.1-2&K65.3,29,K
7811,C,K65.1-2&K65.3,138,K
7812,C,K65.1-2&K65.3,2,K
7813,C,K65.1-2&K65.3,31,K
7815,C,K65.1-2&K65.3,15,K
7816,C,K65.1-2&K65.3,133,K
7819,C,K65.1-2&K65.3,25,K
7820,D,K65.1-2&K65.3,103,K
7821,D,K65.1-2&K65.3,25,K
7822,E,K65.1-2&K65.3,297,K
7823,E,K65.1-2&K65.3,7,K
7824,E,K65.1-2&K65.3,41,K
7826,F,K65.1-2&K65.3,3201,K
7827,G,K65.1-2&K65.3,663,K
7830,H,K65.1-2&K65.3,71,K
7831,H,K65.1-2&K65.3,486,K
7832,H,K65.1-2&K65.3,49,K
7833,H,K65.1-2&K65.3,612,K
7834,H,K65.1-2&K65.3,633,K
7835,H,K65.1-2&K65.3,2600,K
7836,I,K65.1-2&K65.3,1926,K
7837,I,K65.1-2&K65.3,504,K
7838,J,K65.1-2&K65.3,154,K
7840,J,K65.1-2&K65.3,2093,K
7841,J,K65.1-2&K65.3,4048,K
7842,J,K65.1-2&K65.3,667,K
7846,L,K65.1-2&K65.3,1589,K
7848,L,K65.1-2&K65.3,285,K
7849,M,K65.1-2&K65.3,1635,K
7850,M,K65.1-2&K65.3,1190,K
7851,M,K65.1-2&K65.3,1964,K
7852,M,K65.1-2&K65.3,1196,K
7854,M,K65.1-2&K65.3,2053,K
7855,M,K65.1-2&K65.3,338,K
7857,N,K65.1-2&K65.3,426,K
7858,N,K65.1-2&K65.3,1462,K
7860,N,K65.1-2&K65.3,24,K
7861,N,K65.1-2&K65.3,705,K
7862,N,K65.1-2&K65.3,1066,K
7863,O,K65.1-2&K65.3,65,K
7864,P,K65.1-2&K65.3,660,K
7865,Q,K65.1-2&K65.3,345,K
7866,Q,K65.1-2&K65.3,2,K
7868,R,K65.1-2&K65.3,4,K
7870,R,K65.1-2&K65.3,96,K
7871,S,K65.1-2&K65.3,69,K
7872,S,K65.1-2&K65.3,6,K
7873,S,K65.1-2&K65.3,28,K
7875,A,K66,2,K
7879,B,K66,4,K
7880,B,K66,1,K
7882,C,K66,2,K
7883,C,K66,1,K
7885,C,K66,28,K
7886,C,K66,1,K
7887,C,K66,12,K
7888,C,K66,35,K
7890,C,K66,14,K
7891,C,K66,14,K
7892,C,K66,1,K
7893,C,K66,13,K
7894,C,K66,12,K
7895,C,K66,16,K
7896,C,K66,184,K
7897,C,K66,182,K
7898,C,K66,274,K
7899,C,K66,17,K
7900,C,K66,19,K
7901,C,K66,3,K
7903,C,K66,2,K
7905,C,K66,1,K
7906,C,K66,53,K
7907,C,K66,1,K
7908,C,K66,1,K
7909,C,K66,5,K
7910,C,K66,1,K
7912,C,K66,38,K
7913,C,K66,77,K
7914,C,K66,27,K
7915,C,K66,18,K
7916,C,K66,86,K
7918,C,K66,2,K
7920,C,K66,7,K
7921,C,K66,182,K
7922,C,K66,17,K
7924,C,K66,18,K
7925,D,K66,325,K
7926,D,K66,31,K
7928,E,K66,13,K
7929,E,K66,77,K
7931,F,K66,110,K
7932,G,K66,45,K
7935,H,K66,7,K
7936,H,K66,116,K
7937,H,K66,35,K
7938,H,K66,88,K
7939,H,K66,213,K
7940,H,K66,559,K
7941,I,K66,203,K
7942,I,K66,57,K
7943,J,K66,27,K
7944,J,K66,2,K
7945,J,K66,2256,K
7946,J,K66,2731,K
7947,J,K66,224,K
7951,L,K66,78,K
7953,L,K66,2,K
7954,M,K66,324,K
7955,M,K66,122,K
7956,M,K66,141,K
7957,M,K66,120,K
7959,M,K66,203,K
7960,M,K66,101,K
7962,N,K66,108,K
7963,N,K66,298,K
7964,N,K66,266,K
7965,N,K66,18,K
7966,N,K66,108,K
7967,N,K66,290,K
7968,O,K66,18,K
7969,P,K66,113,K
7970,Q,K66,7,K
7972,R,K66,5,K
7975,R,K66,7,K
7976,S,K66,20,K
7977,S,K66,11,K
7978,S,K66,14,K
7980,A,L68BXL683,10,L
7981,A,L68BXL683,9,L
7982,A,L68BXL683,10,L
7983,B,L68BXL683,29,L
7984,B,L68BXL683,48,L
7985,B,L68BXL683,9,L
7987,C,L68BXL683,40,L
7988,C,L68BXL683,40,L
7989,C,L68BXL683,39,L
7990,C,L68BXL683,38,L
7991,C,L68BXL683,10,L
7992,C,L68BXL683,40,L
7993,C,L68BXL683,39,L
7994,C,L68BXL683,39,L
7995,C,L68BXL683,78,L
7996,C,L68BXL683,39,L
7997,C,L68BXL683,39,L
7998,C,L68BXL683,38,L
7999,C,L68BXL683,39,L
8000,C,L68BXL683,38,L
8001,C,L68BXL683,38,L
8003,C,L68BXL683,101,L
8004,C,L68BXL683,40,L
8005,C,L68BXL683,40,L
8006,C,L68BXL683,37,L
8007,C,L68BXL683,39,L
8008,C,L68BXL683,39,L
8009,C,L68BXL683,39,L
8010,C,L68BXL683,29,L
8011,C,L68BXL683,39,L
8012,C,L68BXL683,30,L
8013,C,L68BXL683,40,L
8014,C,L68BXL683,41,L
8015,C,L68BXL683,39,L
8017,C,L68BXL683,49,L
8018,C,L68BXL683,49,L
8019,C,L68BXL683,39,L
8020,C,L68BXL683,38,L
8021,C,L68BXL683,40,L
8022,C,L68BXL683,39,L
8023,C,L68BXL683,39,L
8024,C,L68BXL683,39,L
8025,C,L68BXL683,37,L
8026,C,L68BXL683,39,L
8030,D,L68BXL683,154,L
8031,D,L68BXL683,155,L
8032,E,L68BXL683,115,L
8033,E,L68BXL683,22,L
8034,E,L68BXL683,88,L
8035,E,L68BXL683,22,L
8036,F,L68BXL683,10651,L
8040,H,L68BXL683,18,L
8041,H,L68BXL683,115,L
8043,H,L68BXL683,8,L
8045,H,L68BXL683,80,L
8046,I,L68BXL683,48,L
8047,I,L68BXL683,122,L
8050,J,L68BXL683,393,L
8051,J,L68BXL683,887,L
8052,J,L68BXL683,6,L
8053,K,L68BXL683,7254,L
8054,K,L68BXL683,1135,L
8055,K,L68BXL683,73,L
8059,M,L68BXL683,539,L
8060,M,L68BXL683,229,L
8061,M,L68BXL683,1122,L
8064,M,L68BXL683,384,L
8065,M,L68BXL683,39,L
8066,M,L68BXL683,8,L
8067,N,L68BXL683,370,L
8068,N,L68BXL683,427,L
8070,N,L68BXL683,110,L
8071,N,L68BXL683,1262,L
8072,N,L68BXL683,176,L
8073,O,L68BXL683,5966,L
8074,P,L68BXL683,178,L
8078,R,L68BXL683,8,L
8079,R,L68BXL683,8,L
8102,C,L68A,11,L
8103,C,L68A,3,L
8105,C,L68A,29,L
8106,C,L68A,33,L
8107,C,L68A,24,L
8108,C,L68A,11,L
8109,C,L68A,8,L
8116,C,L68A,10,L
8123,C,L68A,23,L
8124,C,L68A,17,L
8125,C,L68A,2,L
8126,C,L68A,23,L
8130,C,L68A,3,L
8131,C,L68A,6,L
8135,D,L68A,1259,L
8138,E,L68A,4,L
8139,E,L68A,53,L
8141,F,L68A,7928,L
8155,J,L68A,471,L
8158,K,L68A,13197,L
8159,K,L68A,1213,L
8164,M,L68A,572,L
8167,M,L68A,887,L
8169,M,L68A,317,L
8172,N,L68A,48,L
8175,N,L68A,12,L
8178,O,L68A,8,L
8187,S,L68A,13,L
8211,C,L683,43,L
8213,C,L683,49,L
8228,C,L683,78,L
8236,C,L683,7,L
8239,C,L683,1,L
8240,D,L683,77,L
8241,D,L683,12,L
8242,E,L683,22,L
8243,E,L683,7,L
8244,E,L683,18,L
8246,F,L683,360,L
8250,H,L683,1,L
8251,H,L683,19,L
8253,H,L683,2,L
8254,H,L683,2,L
8255,H,L683,28,L
8256,I,L683,2,L
8257,I,L683,20,L
8260,J,L683,96,L
8261,J,L683,190,L
8262,J,L683,121,L
8263,K,L683,1292,L
8264,K,L683,26,L
8265,K,L683,17,L
8269,M,L683,49,L
8270,M,L683,88,L
8272,M,L683,34,L
8274,M,L683,263,L
8275,M,L683,72,L
8277,N,L683,93,L
8278,N,L683,336,L
8279,N,L683,9,L
8281,N,L683,129,L
8282,N,L683,50,L
8283,O,L683,2,L
8316,C,M691,100,M
8317,C,M691,134,M
8318,C,M691,30,M
8326,C,M691,3,M
8333,C,M691,44,M
8341,C,M691,27,M
8344,C,M691,68,M
8345,D,M691,138,M
8346,D,M691,41,M
8347,E,M691,37,M
8348,E,M691,6,M
8349,E,M691,18,M
8351,F,M691,4,M
8352,G,M691,19,M
8356,H,M691,82,M
8360,H,M691,224,M
8361,I,M691,87,M
8362,I,M691,117,M
8365,J,M691,344,M
8366,J,M691,905,M
8367,J,M691,8,M
8368,K,M691,585,M
8369,K,M691,42,M
8370,K,M691,222,M
8371,L,M691,1315,M
8373,L,M691,6,M
8382,N,M691,115,M
8383,N,M691,275,M
8386,N,M691,412,M
8387,N,M691,167,M
8388,O,M691,4,M
8389,P,M691,309,M
8395,R,M691,1,M
8396,S,M691,1,M
8407,C,M692,1,M
8408,C,M692,1,M
8412,C,M692,2,M
8413,C,M692,2,M
8415,C,M692,1,M
8421,C,M692,78,M
8423,C,M692,76,M
8438,C,M692,34,M
8449,C,M692,48,M
8450,D,M692,65,M
8451,D,M692,12,M
8452,E,M692,18,M
8453,E,M692,1,M
8454,E,M692,12,M
8456,F,M692,2,M
8457,G,M692,51,M
8461,H,M692,25,M
8463,H,M692,218,M
8465,H,M692,79,M
8466,I,M692,189,M
8467,I,M692,58,M
8470,J,M692,116,M
8471,J,M692,618,M
8472,J,M692,221,M
8473,K,M692,536,M
8474,K,M692,54,M
8475,K,M692,57,M
8476,L,M692,266,M
8487,N,M692,86,M
8488,N,M692,161,M
8489,N,M692,13,M
8492,N,M692,425,M
8493,O,M692,5,M
8494,P,M692,280,M
8501,S,M692,1,M
8526,C,M70,174,M
8528,C,M70,268,M
8536,C,M70,1,M
8543,C,M70,34,M
8544,C,M70,102,M
8545,C,M70,9,M
8546,C,M70,114,M
8551,C,M70,43,M
8554,C,M70,135,M
8555,D,M70,147,M
8556,D,M70,39,M
8557,E,M70,36,M
8558,E,M70,4,M
8559,E,M70,28,M
8561,F,M70,1289,M
8566,H,M70,131,M
8568,H,M70,788,M
8569,H,M70,3,M
8570,H,M70,316,M
8571,I,M70,751,M
8572,I,M70,281,M
8573,J,M70,8,M
8575,J,M70,874,M
8576,J,M70,1798,M
8577,J,M70,330,M
8578,K,M70,894,M
8579,K,M70,84,M
8580,K,M70,171,M
8581,L,M70,710,M
8583,L,M70,6,M
8592,N,M70,217,M
8593,N,M70,436,M
8594,N,M70,279,M
8596,N,M70,528,M
8597,N,M70,2975,M
8598,O,M70,153,M
8599,P,M70,421,M
8606,S,M70,1,M
8614,B,M71,130,M
8617,C,M71,1,M
8622,C,M71,1,M
8623,C,M71,10,M
8631,C,M71,88,M
8633,C,M71,242,M
8636,C,M71,204,M
8638,C,M71,990,M
8644,C,M71,301,M
8647,C,M71,299,M
8648,C,M71,1421,M
8649,C,M71,225,M
8650,C,M71,403,M
8656,C,M71,18,M
8659,C,M71,62,M
8660,D,M71,159,M
8661,D,M71,48,M
8662,E,M71,42,M
8663,E,M71,13,M
8664,E,M71,24,M
8666,F,M71,828,M
8671,H,M71,228,M
8674,H,M71,18,M
8675,H,M71,28,M
8677,I,M71,26,M
8680,J,M71,300,M
8681,J,M71,835,M
8682,J,M71,52,M
8683,K,M71,1073,M
8684,K,M71,107,M
8685,K,M71,787,M
8686,L,M71,417,M
8688,L,M71,25,M
8697,N,M71,654,M
8698,N,M71,748,M
8701,N,M71,256,M
8702,N,M71,66,M
8703,O,M71,3696,M
8704,P,M71,149,M
8736,C,M72,256,M
8738,C,M72,26,M
8741,C,M72,97,M
8742,C,M72,15,M
8743,C,M72,335,M
8744,C,M72,3,M
8745,C,M72,1000,M
8746,C,M72,53,M
8753,C,M72,18,M
8754,C,M72,23,M
8761,C,M72,99,M
8764,C,M72,88,M
8765,D,M72,111,M
8766,D,M72,36,M
8767,E,M72,18,M
8768,E,M72,6,M
8769,E,M72,18,M
8772,G,M72,8,M
8775,H,M72,1,M
8776,H,M72,65,M
8780,H,M72,31,M
8782,I,M72,36,M
8785,J,M72,83,M
8786,J,M72,279,M
8787,J,M72,53,M
8788,K,M72,296,M
8789,K,M72,43,M
8790,K,M72,67,M
8791,L,M72,102,M
8802,N,M72,53,M
8803,N,M72,543,M
8805,N,M72,16,M
8806,N,M72,80,M
8807,N,M72,75,M
8808,O,M72,18,M
8809,P,M72,86,M
8817,S,M72,2,M
8827,C,M73,12,M
8828,C,M73,7,M
8830,C,M73,9,M
8832,C,M73,11,M
8833,C,M73,2,M
8841,C,M73,242,M
8843,C,M73,60,M
8844,C,M73,42,M
8845,C,M73,16,M
8858,C,M73,35,M
8860,C,M73,56,M
8861,C,M73,24,M
8866,C,M73,69,M
8869,C,M73,22,M
8870,D,M73,58,M
8871,D,M73,2,M
8872,E,M73,70,M
8873,E,M73,3,M
8874,E,M73,13,M
8881,H,M73,80,M
8883,H,M73,598,M
8885,H,M73,66,M
8886,I,M73,328,M
8887,I,M73,100,M
8889,J,M73,192,M
8890,J,M73,240,M
8891,J,M73,333,M
8892,J,M73,138,M
8893,K,M73,618,M
8894,K,M73,73,M
8895,K,M73,45,M
8896,L,M73,1172,M
8907,N,M73,34,M
8908,N,M73,717,M
8912,N,M73,116,M
8913,O,M73,3,M
8914,P,M73,244,M
8921,S,M73,42,M
8922,S,M73,2,M
8923,S,M73,2,M
8932,C,M74,16,M
8933,C,M74,9,M
8934,C,M74,3,M
8935,C,M74,9,M
8937,C,M74,11,M
8938,C,M74,5,M
8942,C,M74,323,M
8946,C,M74,269,M
8948,C,M74,124,M
8963,C,M74,243,M
8971,C,M74,57,M
8974,C,M74,43,M
8975,D,M74,170,M
8976,D,M74,20,M
8977,E,M74,19,M
8978,E,M74,6,M
8979,E,M74,34,M
8981,F,M74,226,M
8986,H,M74,276,M
8988,H,M74,227,M
8990,H,M74,117,M
8991,I,M74,240,M
8992,I,M74,175,M
8995,J,M74,236,M
8996,J,M74,299,M
8997,J,M74,169,M
8998,K,M74,484,M
8999,K,M74,40,M
9000,K,M74,100,M
9001,L,M74,272,M
9012,N,M74,120,M
9013,N,M74,147,M
9015,N,M74,7,M
9016,N,M74,125,M
9017,N,M74,38,M
9018,O,M74,14,M
9019,P,M74,199,M
9026,S,M74,57,M
9037,C,M75,2,M
9040,C,M75,2,M
9042,C,M75,2,M
9044,C,M75,7,M
9051,C,M75,27,M
9053,C,M75,22,M
9055,C,M75,3,M
9060,C,M75,397,M
9061,C,M75,2,M
9068,C,M75,86,M
9076,C,M75,74,M
9079,C,M75,14,M
9080,D,M75,15,M
9081,D,M75,4,M
9082,E,M75,6,M
9083,E,M75,3,M
9084,E,M75,18,M
9086,F,M75,7,M
9091,H,M75,14,M
9095,H,M75,34,M
9097,I,M75,2,M
9100,J,M75,24,M
9101,J,M75,42,M
9103,K,M75,93,M
9104,K,M75,42,M
9106,L,M75,36,M
9117,N,M75,16,M
9118,N,M75,14,M
9121,N,M75,10,M
9122,N,M75,38,M
9123,O,M75,5,M
9124,P,M75,24,M
9156,C,N77,23,N
9158,C,N77,352,N
9173,C,N77,144,N
9174,C,N77,250,N
9175,C,N77,1095,N
9176,C,N77,768,N
9181,C,N77,9,N
9184,C,N77,625,N
9185,D,N77,54,N
9186,D,N77,37,N
9187,E,N77,36,N
9188,E,N77,12,N
9189,E,N77,12,N
9191,F,N77,26,N
9192,G,N77,1520,N
9195,H,N77,4,N
9196,H,N77,366,N
9198,H,N77,1,N
9199,H,N77,422,N
9200,H,N77,83,N
9202,I,N77,20,N
9205,J,N77,122,N
9206,J,N77,215,N
9207,J,N77,140,N
9208,K,N77,689,N
9209,K,N77,137,N
9210,K,N77,108,N
9211,L,N77,361,N
9214,M,N77,303,N
9215,M,N77,254,N
9216,M,N77,165,N
9217,M,N77,29,N
9219,M,N77,461,N
9220,M,N77,248,N
9228,O,N77,6,N
9237,S,N77,2,N
9238,S,N77,5,N
9247,C,N78,17,N
9248,C,N78,12,N
9249,C,N78,1,N
9250,C,N78,10,N
9252,C,N78,15,N
9253,C,N78,7,N
9261,C,N78,55,N
9278,C,N78,228,N
9281,C,N78,23,N
9286,C,N78,24,N
9289,C,N78,3,N
9290,D,N78,63,N
9291,D,N78,17,N
9292,E,N78,6,N
9293,E,N78,2,N
9294,E,N78,10,N
9296,F,N78,29,N
9297,G,N78,42,N
9301,H,N78,33,N
9303,H,N78,42,N
9304,H,N78,6,N
9305,H,N78,33,N
9306,I,N78,44,N
9307,I,N78,30,N
9310,J,N78,214,N
9311,J,N78,432,N
9312,J,N78,12,N
9313,K,N78,1103,N
9314,K,N78,67,N
9315,K,N78,312,N
9316,L,N78,243,N
9319,M,N78,190,N
9320,M,N78,303,N
9321,M,N78,283,N
9322,M,N78,5,N
9324,M,N78,342,N
9325,M,N78,8,N
9333,O,N78,69,N
9334,P,N78,273,N
9335,Q,N78,53,N
9341,S,N78,46,N
9342,S,N78,1,N
9343,S,N78,4,N
9352,C,N79,17,N
9353,C,N79,9,N
9354,C,N79,1,N
9355,C,N79,9,N
9357,C,N79,13,N
9358,C,N79,5,N
9366,C,N79,117,N
9367,C,N79,93,N
9368,C,N79,309,N
9383,C,N79,281,N
9391,C,N79,12,N
9394,C,N79,31,N
9395,D,N79,187,N
9396,D,N79,25,N
9397,E,N79,5,N
9398,E,N79,1,N
9399,E,N79,8,N
9401,F,N79,9,N
9405,H,N79,171,N
9406,H,N79,141,N
9407,H,N79,732,N
9408,H,N79,4249,N
9410,H,N79,157,N
9411,I,N79,1978,N
9412,I,N79,105,N
9415,J,N79,133,N
9416,J,N79,82,N
9417,J,N79,23,N
9418,K,N79,396,N
9419,K,N79,66,N
9420,K,N79,7,N
9421,L,N79,180,N
9424,M,N79,82,N
9425,M,N79,237,N
9426,M,N79,171,N
9427,M,N79,131,N
9429,M,N79,649,N
9430,M,N79,129,N
9438,O,N79,2,N
9439,P,N79,445,N
9445,R,N79,134,N
9457,C,N80,2,N
9458,C,N80,2,N
9460,C,N80,2,N
9462,C,N80,2,N
9471,C,N80,18,N
9473,C,N80,40,N
9488,C,N80,62,N
9489,C,N80,95,N
9490,C,N80,31,N
9491,C,N80,21,N
9496,C,N80,1,N
9499,C,N80,16,N
9500,D,N80,14,N
9501,D,N80,4,N
9502,E,N80,4,N
9503,E,N80,3,N
9504,E,N80,7,N
9510,H,N80,1,N
9511,H,N80,27,N
9513,H,N80,1,N
9514,H,N80,1,N
9515,H,N80,7,N
9517,I,N80,9,N
9520,J,N80,34,N
9521,J,N80,34,N
9522,J,N80,35,N
9523,K,N80,73,N
9524,K,N80,8,N
9525,K,N80,18,N
9529,M,N80,15,N
9530,M,N80,18,N
9531,M,N80,6,N
9532,M,N80,1,N
9534,M,N80,73,N
9543,O,N80,9,N
9544,P,N80,10,N
9551,S,N80,17,N
9560,B,N81,100,N
9562,C,N81,25,N
9563,C,N81,16,N
9564,C,N81,2,N
9565,C,N81,15,N
9567,C,N81,22,N
9568,C,N81,8,N
9575,C,N81,451,N
9576,C,N81,283,N
9577,C,N81,3,N
9578,C,N81,148,N
9580,C,N81,393,N
9581,C,N81,47,N
9586,C,N81,313,N
9588,C,N81,8,N
9590,C,N81,2,N
9592,C,N81,78,N
9593,C,N81,200,N
9595,C,N81,314,N
9596,C,N81,20,N
9601,C,N81,77,N
9604,C,N81,132,N
9605,D,N81,189,N
9606,D,N81,32,N
9607,E,N81,31,N
9608,E,N81,65,N
9609,E,N81,167,N
9611,F,N81,667,N
9616,H,N81,160,N
9619,H,N81,9,N
9620,H,N81,15,N
9622,I,N81,146,N
9625,J,N81,78,N
9626,J,N81,210,N
9627,J,N81,1,N
9628,K,N81,405,N
9629,K,N81,41,N
9630,K,N81,116,N
9631,L,N81,42,N
9633,L,N81,3,N
9634,M,N81,72,N
9635,M,N81,50,N
9636,M,N81,17,N
9637,M,N81,6,N
9639,M,N81,86,N
9640,M,N81,23,N
9648,O,N81,31,N
9656,S,N81,6,N
9667,C,N82,9,N
9668,C,N82,99,N
9669,C,N82,49,N
9670,C,N82,92,N
9672,C,N82,96,N
9673,C,N82,38,N
9681,C,N82,155,N
9683,C,N82,227,N
9691,C,N82,401,N
9697,C,N82,684,N
9698,C,N82,51,N
9706,C,N82,147,N
9709,C,N82,452,N
9710,D,N82,309,N
9711,D,N82,88,N
9712,E,N82,62,N
9713,E,N82,35,N
9714,E,N82,26,N
9716,F,N82,274,N
9721,H,N82,523,N
9723,H,N82,409,N
9724,H,N82,789,N
9725,H,N82,492,N
9726,I,N82,772,N
9727,I,N82,325,N
9730,J,N82,596,N
9731,J,N82,925,N
9732,J,N82,502,N
9733,K,N82,564,N
9734,K,N82,53,N
9735,K,N82,251,N
9736,L,N82,920,N
9739,M,N82,473,N
9740,M,N82,650,N
9741,M,N82,358,N
9742,M,N82,104,N
9744,M,N82,471,N
9745,M,N82,714,N
9753,O,N82,63,N
9754,P,N82,124,N
9757,R,N82,110,N
9761,S,N82,58,N
9770,B,O84,4,O
9772,C,O84,82,O
9773,C,O84,49,O
9775,C,O84,2,O
9776,C,O84,4,O
9781,C,O84,6,O
9782,C,O84,34,O
9783,C,O84,403,O
9784,C,O84,211,O
9785,C,O84,10,O
9786,C,O84,974,O
9787,C,O84,827,O
9788,C,O84,1417,O
9789,C,O84,99,O
9790,C,O84,135,O
9791,C,O84,23,O
9792,C,O84,14,O
9793,C,O84,33,O
9794,C,O84,41,O
9795,C,O84,229,O
9796,C,O84,154,O
9797,C,O84,178,O
9798,C,O84,98,O
9801,C,O84,2681,O
9802,C,O84,32,O
9803,C,O84,8940,O
9804,C,O84,575,O
9805,C,O84,246,O
9806,C,O84,474,O
9807,C,O84,399,O
9808,C,O84,3831,O
9809,C,O84,9,O
9810,C,O84,704,O
9811,C,O84,65,O
9815,D,O84,727,O
9816,D,O84,366,O
9817,E,O84,325,O
9818,E,O84,726,O
9819,E,O84,1137,O
9820,E,O84,320,O
9821,F,O84,5531,O
9822,G,O84,266,O
9825,H,O84,693,O
9826,H,O84,716,O
9827,H,O84,29,O
9828,H,O84,227,O
9829,H,O84,197,O
9830,H,O84,1529,O
9831,I,O84,771,O
9832,I,O84,818,O
9833,J,O84,344,O
9834,J,O84,275,O
9835,J,O84,2096,O
9836,J,O84,2176,O
9838,K,O84,3921,O
9839,K,O84,1020,O
9840,K,O84,28,O
9841,L,O84,3122,O
9843,L,O84,4,O
9844,M,O84,3118,O
9845,M,O84,388,O
9846,M,O84,1455,O
9847,M,O84,1086,O
9849,M,O84,1412,O
9850,M,O84,653,O
9851,M,O84,4,O
9852,N,O84,198,O
9853,N,O84,942,O
9854,N,O84,221,O
9855,N,O84,519,O
9856,N,O84,615,O
9857,N,O84,1050,O
9859,P,O84,5201,O
9860,Q,O84,197,O
9861,Q,O84,16,O
9862,R,O84,283,O
9863,R,O84,268,O
9865,R,O84,164,O
9866,S,O84,187,O
9867,S,O84,1159,O
9868,S,O84,423,O
9873,B,P85,9,P
9874,B,P85,5,P
9877,C,P85,699,P
9878,C,P85,523,P
9879,C,P85,56,P
9880,C,P85,257,P
9881,C,P85,139,P
9882,C,P85,295,P
9883,C,P85,453,P
9886,C,P85,160,P
9887,C,P85,70,P
9888,C,P85,52,P
9890,C,P85,92,P
9891,C,P85,1016,P
9892,C,P85,1307,P
9893,C,P85,600,P
9894,C,P85,78,P
9895,C,P85,347,P
9896,C,P85,19,P
9898,C,P85,8,P
9899,C,P85,5,P
9900,C,P85,32,P
9901,C,P85,137,P
9902,C,P85,213,P
9903,C,P85,132,P
9907,C,P85,80,P
9908,C,P85,1860,P
9909,C,P85,89,P
9911,C,P85,337,P
9915,C,P85,277,P
9916,C,P85,274,P
9919,C,P85,109,P
9920,D,P85,707,P
9921,D,P85,476,P
9922,E,P85,222,P
9923,E,P85,70,P
9924,E,P85,158,P
9925,E,P85,35,P
9926,F,P85,527,P
9927,G,P85,188,P
9930,H,P85,127,P
9931,H,P85,1218,P
9934,H,P85,38,P
9935,H,P85,417,P
9936,I,P85,80,P
9937,I,P85,1475,P
9938,J,P85,668,P
9939,J,P85,158,P
9940,J,P85,421,P
9941,J,P85,1101,P
9942,J,P85,24,P
9943,K,P85,1744,P
9944,K,P85,559,P
9945,K,P85,49,P
9946,L,P85,2682,P
9948,L,P85,12,P
9949,M,P85,440,P
9950,M,P85,834,P
9951,M,P85,1344,P
9952,M,P85,217,P
9954,M,P85,732,P
9955,M,P85,617,P
9957,N,P85,1280,P
9958,N,P85,1410,P
9959,N,P85,94,P
9960,N,P85,368,P
9961,N,P85,1255,P
9962,N,P85,958,P
9963,O,P85,8,P
9967,R,P85,68,P
9968,R,P85,52,P
9970,R,P85,64,P
9971,S,P85,244,P
9972,S,P85,56,P
9975,A,Q86,21,Q
9978,B,Q86,7,Q
9979,B,Q86,2,Q
9982,C,Q86,304,Q
9983,C,Q86,153,Q
9984,C,Q86,22,Q
9985,C,Q86,56,Q
9986,C,Q86,31,Q
9987,C,Q86,102,Q
9988,C,Q86,257,Q
9992,C,Q86,221,Q
9993,C,Q86,259,Q
9996,C,Q86,944,Q
9997,C,Q86,952,Q
9998,C,Q86,525,Q
10000,C,Q86,87,Q
10001,C,Q86,512,Q
10002,C,Q86,274,Q
10004,C,Q86,3,Q
10005,C,Q86,11594,Q
10006,C,Q86,416,Q
10007,C,Q86,44,Q
10008,C,Q86,40,Q
10012,C,Q86,94,Q
10013,C,Q86,8676,Q
10014,C,Q86,34,Q
10016,C,Q86,312,Q
10019,C,Q86,296,Q
10020,C,Q86,178,Q
10021,C,Q86,2848,Q
10024,C,Q86,482,Q
10025,D,Q86,1014,Q
10026,D,Q86,623,Q
10027,E,Q86,202,Q
10028,E,Q86,418,Q
10029,E,Q86,841,Q
10031,F,Q86,852,Q
10032,G,Q86,176,Q
10035,H,Q86,303,Q
10036,H,Q86,1856,Q
10037,H,Q86,19,Q
10038,H,Q86,43,Q
10040,H,Q86,429,Q
10041,I,Q86,203,Q
10042,I,Q86,1181,Q
10044,J,Q86,34,Q
10045,J,Q86,1128,Q
10046,J,Q86,1300,Q
10047,J,Q86,7,Q
10048,K,Q86,776,Q
10049,K,Q86,1427,Q
10050,K,Q86,6,Q
10051,L,Q86,2583,Q
10054,M,Q86,2027,Q
10055,M,Q86,908,Q
10056,M,Q86,69,Q
10057,M,Q86,1945,Q
10059,M,Q86,322,Q
10060,M,Q86,554,Q
10062,N,Q86,1142,Q
10063,N,Q86,3443,Q
10064,N,Q86,66,Q
10065,N,Q86,396,Q
10066,N,Q86,1003,Q
10067,N,Q86,1430,Q
10068,O,Q86,142,Q
10069,P,Q86,449,Q
10072,R,Q86,29,Q
10073,R,Q86,75,Q
10077,S,Q86,530,Q
10078,S,Q86,511,Q
10080,A,Q87&Q88,40,Q
10087,C,Q87&Q88,408,Q
10088,C,Q87&Q88,314,Q
10089,C,Q87&Q88,64,Q
10090,C,Q87&Q88,67,Q
10091,C,Q87&Q88,107,Q
10092,C,Q87&Q88,178,Q
10093,C,Q87&Q88,625,Q
10095,C,Q87&Q88,4,Q
10096,C,Q87&Q88,77,Q
10098,C,Q87&Q88,73,Q
10101,C,Q87&Q88,252,Q
10102,C,Q87&Q88,86,Q
10103,C,Q87&Q88,510,Q
10104,C,Q87&Q88,21,Q
10105,C,Q87&Q88,363,Q
10106,C,Q87&Q88,6,Q
10110,C,Q87&Q88,61,Q
10111,C,Q87&Q88,58,Q
10117,C,Q87&Q88,2,Q
10118,C,Q87&Q88,551,Q
10119,C,Q87&Q88,62,Q
10120,C,Q87&Q88,4,Q
10121,C,Q87&Q88,318,Q
10125,C,Q87&Q88,102,Q
10126,C,Q87&Q88,133,Q
10129,C,Q87&Q88,677,Q
10130,D,Q87&Q88,468,Q
10131,D,Q87&Q88,285,Q
10132,E,Q87&Q88,281,Q
10133,E,Q87&Q88,57,Q
10134,E,Q87&Q88,149,Q
10136,F,Q87&Q88,324,Q
10137,G,Q87&Q88,158,Q
10140,H,Q87&Q88,2,Q
10141,H,Q87&Q88,740,Q
10144,H,Q87&Q88,20,Q
10145,H,Q87&Q88,298,Q
10146,I,Q87&Q88,328,Q
10147,I,Q87&Q88,898,Q
10148,J,Q87&Q88,233,Q
10149,J,Q87&Q88,72,Q
10150,J,Q87&Q88,615,Q
10151,J,Q87&Q88,809,Q
10152,J,Q87&Q88,1,Q
10153,K,Q87&Q88,979,Q
10154,K,Q87&Q88,527,Q
10156,L,Q87&Q88,781,Q
10159,M,Q87&Q88,445,Q
10160,M,Q87&Q88,734,Q
10161,M,Q87&Q88,76,Q
10162,M,Q87&Q88,48,Q
10164,M,Q87&Q88,393,Q
10165,M,Q87&Q88,150,Q
10167,N,Q87&Q88,292,Q
10168,N,Q87&Q88,1668,Q
10170,N,Q87&Q88,202,Q
10171,N,Q87&Q88,607,Q
10172,N,Q87&Q88,451,Q
10174,P,Q87&Q88,897,Q
10177,R,Q87&Q88,141,Q
10178,R,Q87&Q88,24,Q
10180,R,Q87&Q88,38,Q
10181,S,Q87&Q88,123,Q
10182,S,Q87&Q88,154,Q
10183,S,Q87&Q88,42,Q
10192,C,R90,11,R
10193,C,R90,7,R
10194,C,R90,1,R
10195,C,R90,7,R
10196,C,R90,1,R
10197,C,R90,8,R
10198,C,R90,30,R
10199,C,R90,19,R
10200,C,R90,36,R
10203,C,R90,1,R
10205,C,R90,25,R
10206,C,R90,81,R
10207,C,R90,18,R
10208,C,R90,36,R
10210,C,R90,10,R
10212,C,R90,15,R
10216,C,R90,214,R
10217,C,R90,29,R
10218,C,R90,43,R
10219,C,R90,13,R
10223,C,R90,147,R
10227,C,R90,3,R
10228,C,R90,13,R
10230,C,R90,1,R
10231,C,R90,131,R
10234,C,R90,138,R
10235,D,R90,147,R
10236,D,R90,16,R
10237,E,R90,23,R
10239,E,R90,7,R
10241,F,R90,56,R
10246,H,R90,52,R
10248,H,R90,28,R
10250,H,R90,74,R
10251,I,R90,31,R
10252,I,R90,98,R
10253,J,R90,5,R
10254,J,R90,359,R
10255,J,R90,118,R
10256,J,R90,149,R
10257,J,R90,51,R
10258,K,R90,257,R
10259,K,R90,55,R
10260,K,R90,10,R
10261,L,R90,13,R
10264,M,R90,169,R
10265,M,R90,229,R
10266,M,R90,48,R
10267,M,R90,82,R
10269,M,R90,338,R
10270,M,R90,494,R
10272,N,R90,153,R
10273,N,R90,75,R
10275,N,R90,67,R
10276,N,R90,65,R
10277,N,R90,68,R
10278,O,R90,17,R
10286,S,R90,39,R
10294,B,R91,1,R
10297,C,R91,1,R
10302,C,R91,1,R
10304,C,R91,6,R
10305,C,R91,15,R
10306,C,R91,14,R
10307,C,R91,1,R
10309,C,R91,1,R
10311,C,R91,21,R
10312,C,R91,67,R
10313,C,R91,22,R
10315,C,R91,8,R
10319,C,R91,2,R
10322,C,R91,36,R
10323,C,R91,19,R
10324,C,R91,30,R
10325,C,R91,3,R
10328,C,R91,46,R
10329,C,R91,9,R
10331,C,R91,9,R
10332,C,R91,5,R
10333,C,R91,4,R
10335,C,R91,1,R
10336,C,R91,9,R
10339,C,R91,25,R
10340,D,R91,57,R
10341,D,R91,25,R
10342,E,R91,21,R
10343,E,R91,3,R
10344,E,R91,18,R
10346,F,R91,66,R
10350,H,R91,12,R
10351,H,R91,4,R
10355,H,R91,12,R
10357,I,R91,145,R
10358,J,R91,27,R
10359,J,R91,65,R
10360,J,R91,24,R
10361,J,R91,57,R
10362,J,R91,1,R
10363,K,R91,5,R
10364,K,R91,10,R
10366,L,R91,24,R
10369,M,R91,12,R
10370,M,R91,69,R
10371,M,R91,57,R
10372,M,R91,11,R
10374,M,R91,64,R
10375,M,R91,17,R
10377,N,R91,18,R
10378,N,R91,35,R
10380,N,R91,19,R
10381,N,R91,88,R
10382,N,R91,44,R
10383,O,R91,5,R
10391,S,R91,8,R
10392,S,R91,8,R
10395,A,R92,26,R
10402,C,R92,24,R
10403,C,R92,24,R
10404,C,R92,3,R
10405,C,R92,32,R
10406,C,R92,5,R
10407,C,R92,22,R
10408,C,R92,33,R
10409,C,R92,8,R
10410,C,R92,11,R
10411,C,R92,6,R
10413,C,R92,5,R
10414,C,R92,2,R
10416,C,R92,89,R
10418,C,R92,1,R
10433,C,R92,16,R
10435,C,R92,22,R
10441,C,R92,34,R
10444,C,R92,162,R
10445,D,R92,55,R
10446,D,R92,60,R
10447,E,R92,20,R
10448,E,R92,11,R
10449,E,R92,79,R
10451,F,R92,1,R
10456,H,R92,8,R
10460,H,R92,23,R
10462,I,R92,26,R
10464,J,R92,168,R
10465,J,R92,309,R
10466,J,R92,244,R
10467,J,R92,149,R
10468,K,R92,148,R
10469,K,R92,31,R
10470,K,R92,17,R
10471,L,R92,256,R
10474,M,R92,134,R
10475,M,R92,12,R
10476,M,R92,611,R
10479,M,R92,647,R
10480,M,R92,2,R
10482,N,R92,205,R
10483,N,R92,37,R
10486,N,R92,123,R
10487,N,R92,110,R
10488,O,R92,19,R
10496,S,R92,24,R
10504,B,R93,4,R
10507,C,R93,40,R
10508,C,R93,114,R
10509,C,R93,20,R
10510,C,R93,81,R
10511,C,R93,32,R
10512,C,R93,99,R
10513,C,R93,184,R
10514,C,R93,51,R
10515,C,R93,113,R
10516,C,R93,66,R
10517,C,R93,13,R
10518,C,R93,50,R
10519,C,R93,7,R
10521,C,R93,248,R
10522,C,R93,242,R
10523,C,R93,83,R
10524,C,R93,12,R
10525,C,R93,33,R
10531,C,R93,5,R
10532,C,R93,61,R
10537,C,R93,13,R
10538,C,R93,90,R
10539,C,R93,53,R
10540,C,R93,54,R
10541,C,R93,107,R
10545,C,R93,37,R
10546,C,R93,93,R
10549,C,R93,379,R
10550,D,R93,342,R
10551,D,R93,154,R
10552,E,R93,127,R
10553,E,R93,20,R
10554,E,R93,132,R
10555,E,R93,4,R
10556,F,R93,119,R
10557,G,R93,8,R
10560,H,R93,29,R
10561,H,R93,81,R
10563,H,R93,63,R
10565,H,R93,64,R
10566,I,R93,12,R
10567,I,R93,380,R
10568,J,R93,114,R
10569,J,R93,124,R
10570,J,R93,128,R
10571,J,R93,230,R
10572,J,R93,6,R
10573,K,R93,142,R
10574,K,R93,57,R
10575,K,R93,8,R
10576,L,R93,623,R
10579,M,R93,277,R
10580,M,R93,128,R
10581,M,R93,389,R
10582,M,R93,100,R
10584,M,R93,321,R
10585,M,R93,200,R
10587,N,R93,222,R
10588,N,R93,134,R
10590,N,R93,72,R
10591,N,R93,629,R
10592,N,R93,186,R
10593,O,R93,11,R
10594,P,R93,30,R
10595,Q,R93,50,R
10601,S,R93,46,R
10602,S,R93,24,R
10608,B,S94,22,S
10612,C,S94,14,S
10613,C,S94,9,S
10614,C,S94,1,S
10615,C,S94,9,S
10617,C,S94,13,S
10618,C,S94,37,S
10619,C,S94,18,S
10620,C,S94,156,S
10621,C,S94,13,S
10622,C,S94,2,S
10623,C,S94,7,S
10625,C,S94,3,S
10626,C,S94,67,S
10628,C,S94,104,S
10630,C,S94,6,S
10632,C,S94,5,S
10635,C,S94,68,S
10636,C,S94,23,S
10637,C,S94,14,S
10638,C,S94,27,S
10639,C,S94,1,S
10643,C,S94,66,S
10645,C,S94,1,S
10646,C,S94,6,S
10649,C,S94,6,S
10650,C,S94,9,S
10651,C,S94,6,S
10654,C,S94,43,S
10655,D,S94,113,S
10656,D,S94,27,S
10657,E,S94,30,S
10658,E,S94,1,S
10659,E,S94,18,S
10661,F,S94,323,S
10665,H,S94,1,S
10666,H,S94,12,S
10668,H,S94,125,S
10670,H,S94,199,S
10672,I,S94,122,S
10673,J,S94,287,S
10674,J,S94,139,S
10675,J,S94,109,S
10676,J,S94,251,S
10677,J,S94,29,S
10678,K,S94,507,S
10679,K,S94,92,S
10684,M,S94,288,S
10685,M,S94,153,S
10686,M,S94,18,S
10687,M,S94,96,S
10689,M,S94,624,S
10690,M,S94,317,S
10692,N,S94,118,S
10693,N,S94,94,S
10696,N,S94,449,S
10697,N,S94,487,S
10698,O,S94,9,S
10699,P,S94,35,S
10710,A,S95,2,S
10711,A,S95,2,S
10714,B,S95,69,S
10717,C,S95,32,S
10718,C,S95,20,S
10719,C,S95,3,S
10720,C,S95,18,S
10722,C,S95,27,S
10723,C,S95,11,S
10727,C,S95,2,S
10729,C,S95,3,S
10730,C,S95,13,S
10731,C,S95,4,S
10733,C,S95,18,S
10734,C,S95,2,S
10737,C,S95,7,S
10738,C,S95,6,S
10741,C,S95,11,S
10744,C,S95,3,S
10745,C,S95,2,S
10747,C,S95,3,S
10748,C,S95,164,S
10749,C,S95,11,S
10750,C,S95,81,S
10751,C,S95,2,S
10755,C,S95,2,S
10756,C,S95,2,S
10759,C,S95,3,S
10762,E,S95,13,S
10763,E,S95,2,S
10764,E,S95,16,S
10767,G,S95,6,S
10770,H,S95,2,S
10771,H,S95,14,S
10775,H,S95,12,S
10777,I,S95,16,S
10778,J,S95,1,S
10780,J,S95,348,S
10781,J,S95,41,S
10782,J,S95,22,S
10783,K,S95,56,S
10784,K,S95,30,S
10785,K,S95,19,S
10786,L,S95,44,S
10789,M,S95,13,S
10790,M,S95,25,S
10791,M,S95,21,S
10794,M,S95,19,S
10797,N,S95,15,S
10798,N,S95,95,S
10800,N,S95,1,S
10801,N,S95,15,S
10802,N,S95,20,S
10803,O,S95,3,S
10804,P,S95,16,S
10822,C,S96,22,S
10823,C,S96,16,S
10824,C,S96,2,S
10825,C,S96,13,S
10826,C,S96,2,S
10827,C,S96,19,S
10828,C,S96,16,S
10829,C,S96,2,S
10830,C,S96,3,S
10831,C,S96,3,S
10832,C,S96,128,S
10833,C,S96,68,S
10834,C,S96,11,S
10835,C,S96,104,S
10836,C,S96,315,S
10838,C,S96,85,S
10840,C,S96,327,S
10846,C,S96,70,S
10848,C,S96,130,S
10852,C,S96,33,S
10853,C,S96,224,S
10854,C,S96,7,S
10855,C,S96,30,S
10856,C,S96,20,S
10861,C,S96,53,S
10864,C,S96,96,S
10865,D,S96,100,S
10866,D,S96,55,S
10867,E,S96,56,S
10868,E,S96,11,S
10869,E,S96,31,S
10871,F,S96,27,S
10872,G,S96,80,S
10876,H,S96,107,S
10878,H,S96,1,S
10879,H,S96,35,S
10880,H,S96,30,S
10882,I,S96,25,S
10885,J,S96,140,S
10886,J,S96,134,S
10887,J,S96,111,S
10888,K,S96,560,S
10889,K,S96,62,S
10890,K,S96,39,S
10891,L,S96,447,S
10894,M,S96,45,S
10895,M,S96,207,S
10896,M,S96,65,S
10897,M,S96,5,S
10899,M,S96,209,S
10900,M,S96,71,S
10902,N,S96,109,S
10903,N,S96,79,S
10906,N,S96,49,S
10907,N,S96,92,S
10908,O,S96,10,S
10909,P,S96,27,S
